# ion_class=Other, nodes=3216, copies_total=6527
node_id,name,ion_class,copies,unique_ids
1,266864_distr-ID-1,Other,1,266864_distr-ID-1
2,243446_narsg-ID-1,Other,2,243446_narsg-ID-1;266864_narsg-ID-1
3,7907_syn2-ID-1,Other,12,7907_syn2-ID-1;7907_syn2-ID-2;243446_syn2-ID-1;266799_syn2-ID-5;266799_syn2-ID-6;266799_syn2-ID-1;266799_syn2-ID-2;266799_syn2-ID-3;266799_syn2-ID-4;267189_syn2-ID-2;266864_syn2-ID-1;267189_syn2-ID-1
4,243446_CaT-ID-1,Other,8,243446_CaT-ID-1;266799_TCa-ID-4;266799_TCa-ID-3;266799_TCa-ID-5;266799_TCa-ID-6;266799_TCa-ID-1;266799_TCa-ID-2;266864_CaT-ID-1
5,243446_CaP-ID-1,Other,8,243446_CaP-ID-1;266799_CaP_Raman-ID-1;266799_CaP_Raman-ID-3;266799_CaP_Raman-ID-5;266799_CaP_Raman-ID-6;266799_CaP_Raman-ID-4;266799_CaP_Raman-ID-2;266864_CaP-ID-1
6,243446_Kv1-ID-1,Other,2,243446_Kv1-ID-1;266864_Kv1-ID-1
7,243446_kv3-ID-1,Other,8,243446_kv3-ID-1;266799_kv3-ID-6;266799_kv3-ID-5;266799_kv3-ID-3;266799_kv3-ID-1;266799_kv3-ID-4;266799_kv3-ID-2;266864_kv3-ID-1
8,243446_BK_Slow-ID-1,Other,8,243446_BK_Slow-ID-1;266799_abBK-ID-3;266799_abBK-ID-4;266799_abBK-ID-5;266799_abBK-ID-6;266799_abBK-ID-2;266799_abBK-ID-1;266864_BK_Slow-ID-1
9,266799_cdp4N-ID-2,Other,7,266799_cdp4N-ID-2;266799_cdp4N-ID-5;266799_cdp4N-ID-3;266799_cdp4N-ID-1;266799_cdp4N-ID-6;266799_cdp4N-ID-4;266864_cdp_smooth-ID-1
10,266799_cdp10AIS-ID-5,Other,7,266799_cdp10AIS-ID-5;266799_cdp10AIS-ID-6;266799_cdp10AIS-ID-3;266799_cdp10AIS-ID-2;266799_cdp10AIS-ID-1;266799_cdp10AIS-ID-4;266864_cdp_AIS-ID-1
11,266799_cdp20N_FD2-ID-4,Other,7,266799_cdp20N_FD2-ID-4;266799_cdp20N_FD2-ID-2;266799_cdp20N_FD2-ID-3;266799_cdp20N_FD2-ID-6;266799_cdp20N_FD2-ID-1;266799_cdp20N_FD2-ID-5;266864_cdp_soma-ID-1
12,243446_kv4f-ID-1,Other,8,243446_kv4f-ID-1;266799_kv4hybrid2-ID-5;266799_kv4hybrid2-ID-6;266799_kv4hybrid2-ID-4;266799_kv4hybrid2-ID-3;266799_kv4hybrid2-ID-1;266799_kv4hybrid2-ID-2;266864_kv4f-ID-1
13,243446_mslo-ID-1,Other,8,243446_mslo-ID-1;266799_mslo-ID-4;266799_mslo-ID-3;266799_mslo-ID-1;266799_mslo-ID-5;266799_mslo-ID-6;266799_mslo-ID-2;266864_mslo-ID-1
14,243446_nap-ID-1,Other,8,243446_nap-ID-1;266799_nap-ID-6;266799_nap-ID-3;266799_nap-ID-2;266799_nap-ID-5;266799_nap-ID-4;266799_nap-ID-1;266864_nap-ID-1
15,243446_kv4s-ID-1,Other,8,243446_kv4s-ID-1;266799_kv4s-ID-4;266799_kv4s-ID-2;266799_kv4s-ID-6;266799_kv4s-ID-3;266799_kv4s-ID-1;266799_kv4s-ID-5;266864_kv4s-ID-1
16,243446_peak-ID-1,Other,8,243446_peak-ID-1;266799_peak-ID-4;266799_peak-ID-1;266799_peak-ID-2;266799_peak-ID-6;266799_peak-ID-5;266799_peak-ID-3;266864_peak-ID-1
17,48332_pkjlk-ID-1,Other,12,48332_pkjlk-ID-1;155735_pkjlk-ID-1;180789_lkpkj-ID-1;243446_pkjlk-ID-1;266799_pkjlk-ID-5;266799_pkjlk-ID-3;266799_pkjlk-ID-1;266799_pkjlk-ID-4;266578_lkpkj-ID-1;266799_pkjlk-ID-2;266799_pkjlk-ID-6;266864_pkjlk-ID-1
18,243446_capmax-ID-1,Other,2,243446_capmax-ID-1;266864_capmax-ID-1
19,266799_cdp_spiny-ID-4,Other,7,266799_cdp_spiny-ID-4;266799_cdp_spiny-ID-6;266799_cdp_spiny-ID-5;266799_cdp_spiny-ID-2;266799_cdp_spiny-ID-1;266799_cdp_spiny-ID-3;266864_cdp_spiny-ID-1
20,243446_ih-ID-1,Other,8,243446_ih-ID-1;266799_ihnew-ID-2;266799_ihnew-ID-3;266799_ihnew-ID-5;266799_ihnew-ID-1;266799_ihnew-ID-6;266799_ihnew-ID-4;266864_ih-ID-1
21,243446_SK2-ID-1,Other,8,243446_SK2-ID-1;266799_SK2-ID-3;266799_SK2-ID-4;266799_SK2-ID-5;266799_SK2-ID-6;266799_SK2-ID-1;266799_SK2-ID-2;266864_SK2-ID-1
25,44050_nmdanet-ID-1,Other,7,44050_nmdanet-ID-1;97874_nmdanet-ID-1;114665_nmdanetOB-ID-1;97263_nmdanetOB-ID-1;149415_nmdanetOB-ID-1;153574_nmdanetOB-ID-1;185330_nmdanet-ID-1
26,184163_SK-ID-1,Other,52,184163_SK-ID-1;184303_SK-ID-1;184176_SK-ID-1;184333_SK-ID-1;184301_SK-ID-1;184161_SK-ID-1;184152_SK-ID-1;184329_SK-ID-1;184202_SK-ID-1;184166_SK-ID-1;184297_SK-ID-1;184316_SK-ID-1;184157_SK-ID-1;184346_SK-ID-1;184323_SK-ID-1;184335_SK-ID-1;184145_SK-ID-1;184159_SK-ID-1;184173_SK-ID-1;184148_SK-ID-1;184312_SK-ID-1;184142_SK-ID-1;184274_SK-ID-1;184348_SK-ID-1;184196_SK-ID-1;267587_SK-ID-2;184339_SK-ID-1;184308_SK-ID-1;184344_SK-ID-1;184182_SK-ID-1;184337_SK-ID-1;184180_SK-ID-1;184299_SK-ID-1;184319_SK-ID-1;184171_SK-ID-1;184327_SK-ID-1;184352_SK-ID-1;184168_SK-ID-1;184184_SK-ID-1;184231_SK-ID-1;184314_SK-ID-2;267587_SK-ID-1;184325_SK-ID-1;184178_SK-ID-1;184186_SK-ID-1;184310_SK-ID-1;184341_SK-ID-1;184350_SK-ID-1;184331_SK-ID-1;184321_SK-ID-1;184314_SK-ID-1;184305_SK-ID-1
35,267595_CaDynamics-ID-1,Other,63,267595_CaDynamics-ID-1;267587_CaDynamics-ID-8;267587_CaDynamics-ID-11;184312_CaDynamics-ID-1;267587_CaDynamics-ID-5;184152_CaDynamics-ID-1;184161_CaDynamics-ID-1;184346_CaDynamics-ID-1;184305_CaDynamics-ID-1;184142_CaDynamics-ID-1;184344_CaDynamics-ID-1;184335_CaDynamics-ID-1;184314_CaDynamics-ID-2;184159_CaDynamics-ID-1;184299_CaDynamics-ID-1;267587_CaDynamics-ID-4;184274_CaDynamics-ID-1;184173_CaDynamics-ID-1;267587_CaDynamics-ID-1;184314_CaDynamics-ID-1;184168_CaDynamics-ID-1;184327_CaDynamics-ID-1;184231_CaDynamics-ID-1;184182_CaDynamics-ID-1;184202_CaDynamics-ID-1;184157_CaDynamics-ID-1;184350_CaDynamics-ID-1;184316_CaDynamics-ID-1;184325_CaDynamics-ID-1;267587_CaDynamics-ID-2;184339_CaDynamics-ID-1;184321_CaDynamics-ID-1;184337_CaDynamics-ID-1;267587_CaDynamics-ID-7;184329_CaDynamics-ID-1;184148_CaDynamics-ID-1;184303_CaDynamics-ID-1;184178_CaDynamics-ID-1;184180_CaDynamics-ID-1;267587_CaDynamics-ID-9;184176_CaDynamics-ID-1;184184_CaDynamics-ID-1;267587_CaDynamics-ID-6;184301_CaDynamics-ID-1;184319_CaDynamics-ID-1;184331_CaDynamics-ID-1;184166_CaDynamics-ID-1;184171_CaDynamics-ID-1;184186_CaDynamics-ID-1;267587_CaDynamics-ID-10;184308_CaDynamics-ID-1;184323_CaDynamics-ID-1;267587_CaDynamics-ID-3;184297_CaDynamics-ID-1;184196_CaDynamics-ID-1;184145_CaDynamics-ID-1;184348_CaDynamics-ID-1;184333_CaDynamics-ID-1;184341_CaDynamics-ID-1;267587_CaDynamics-ID-12;184352_CaDynamics-ID-1;184310_CaDynamics-ID-1;184163_CaDynamics-ID-1
36,184314_NaV-ID-2,Other,50,184314_NaV-ID-2;184163_NaV-ID-1;184184_NaV-ID-1;184196_NaV-ID-1;184303_NaV-ID-1;184310_NaV-ID-1;184186_NaV-ID-1;184297_NaV-ID-1;184148_NaV-ID-1;184314_NaV-ID-1;184325_NaV-ID-1;184157_NaV-ID-1;184337_NaV-ID-1;184331_NaV-ID-1;184182_NaV-ID-1;184176_NaV-ID-1;184180_NaV-ID-1;184142_NaV-ID-1;184319_NaV-ID-1;184341_NaV-ID-1;184333_NaV-ID-1;184173_NaV-ID-1;184346_NaV-ID-1;184327_NaV-ID-1;184312_NaV-ID-1;184329_NaV-ID-1;184171_NaV-ID-1;184145_NaV-ID-1;184344_NaV-ID-1;184321_NaV-ID-1;184335_NaV-ID-1;184231_NaV-ID-1;184301_NaV-ID-1;184352_NaV-ID-1;184348_NaV-ID-1;184305_NaV-ID-1;184202_NaV-ID-1;184159_NaV-ID-1;184350_NaV-ID-1;184316_NaV-ID-1;184168_NaV-ID-1;184178_NaV-ID-1;184166_NaV-ID-1;184308_NaV-ID-1;184339_NaV-ID-1;184299_NaV-ID-1;184152_NaV-ID-1;184274_NaV-ID-1;184323_NaV-ID-1;184161_NaV-ID-1
37,267595_Kv3_1-ID-1,Other,56,267595_Kv3_1-ID-1;184348_Kv3_1-ID-1;184299_Kv3_1-ID-1;184305_Kv3_1-ID-1;184178_Kv3_1-ID-1;184323_Kv3_1-ID-1;184182_Kv3_1-ID-1;184344_Kv3_1-ID-1;184314_Kv3_1-ID-1;184331_Kv3_1-ID-1;184346_Kv3_1-ID-1;184314_Kv3_1-ID-2;184142_Kv3_1-ID-1;267587_Kv3_1-ID-1;184329_Kv3_1-ID-1;184312_Kv3_1-ID-1;184301_Kv3_1-ID-1;184316_Kv3_1-ID-1;184297_Kv3_1-ID-1;184148_Kv3_1-ID-1;184321_Kv3_1-ID-1;184145_Kv3_1-ID-1;184186_Kv3_1-ID-1;184161_Kv3_1-ID-1;184352_Kv3_1-ID-1;184335_Kv3_1-ID-1;267587_Kv3_1-ID-3;184157_Kv3_1-ID-1;184168_Kv3_1-ID-1;184163_Kv3_1-ID-1;267587_Kv3_1-ID-2;184166_Kv3_1-ID-1;184341_Kv3_1-ID-1;184171_Kv3_1-ID-1;267587_Kv3_1-ID-12;184310_Kv3_1-ID-1;184176_Kv3_1-ID-1;184152_Kv3_1-ID-1;184274_Kv3_1-ID-1;184303_Kv3_1-ID-1;184202_Kv3_1-ID-1;184333_Kv3_1-ID-1;184319_Kv3_1-ID-1;267587_Kv3_1-ID-11;184339_Kv3_1-ID-1;184350_Kv3_1-ID-1;184327_Kv3_1-ID-1;184325_Kv3_1-ID-1;184196_Kv3_1-ID-1;184173_Kv3_1-ID-1;184184_Kv3_1-ID-1;184308_Kv3_1-ID-1;184231_Kv3_1-ID-1;184337_Kv3_1-ID-1;184180_Kv3_1-ID-1;184159_Kv3_1-ID-1
38,184157_Kd-ID-1,Other,50,184157_Kd-ID-1;184171_Kd-ID-1;184176_Kd-ID-1;184274_Kd-ID-1;184182_Kd-ID-1;184316_Kd-ID-1;184142_Kd-ID-1;184168_Kd-ID-1;184352_Kd-ID-1;184314_Kd-ID-2;184348_Kd-ID-1;184145_Kd-ID-1;184339_Kd-ID-1;184297_Kd-ID-1;184186_Kd-ID-1;184321_Kd-ID-1;184303_Kd-ID-1;184299_Kd-ID-1;184331_Kd-ID-1;184161_Kd-ID-1;184305_Kd-ID-1;184337_Kd-ID-1;184308_Kd-ID-1;184231_Kd-ID-1;184184_Kd-ID-1;184344_Kd-ID-1;184314_Kd-ID-1;184310_Kd-ID-1;184180_Kd-ID-1;184327_Kd-ID-1;184163_Kd-ID-1;184323_Kd-ID-1;184335_Kd-ID-1;184346_Kd-ID-1;184350_Kd-ID-1;184312_Kd-ID-1;184173_Kd-ID-1;184329_Kd-ID-1;184196_Kd-ID-1;184341_Kd-ID-1;184166_Kd-ID-1;184325_Kd-ID-1;184319_Kd-ID-1;184178_Kd-ID-1;184159_Kd-ID-1;184152_Kd-ID-1;184301_Kd-ID-1;184148_Kd-ID-1;184202_Kd-ID-1;184333_Kd-ID-1
41,184202_Ih-ID-1,Other,50,184202_Ih-ID-1;184325_Ih-ID-1;184316_Ih-ID-1;184152_Ih-ID-1;184184_Ih-ID-1;184329_Ih-ID-1;184346_Ih-ID-1;184231_Ih-ID-1;184145_Ih-ID-1;184171_Ih-ID-1;184274_Ih-ID-1;184305_Ih-ID-1;184303_Ih-ID-1;184323_Ih-ID-1;184196_Ih-ID-1;184301_Ih-ID-1;184163_Ih-ID-1;184314_Ih-ID-1;184148_Ih-ID-1;184339_Ih-ID-1;184312_Ih-ID-1;184327_Ih-ID-1;184333_Ih-ID-1;184178_Ih-ID-1;184344_Ih-ID-1;184180_Ih-ID-1;184341_Ih-ID-1;184157_Ih-ID-1;184337_Ih-ID-1;184308_Ih-ID-1;184350_Ih-ID-1;184331_Ih-ID-1;184173_Ih-ID-1;184321_Ih-ID-1;184319_Ih-ID-1;184182_Ih-ID-1;184176_Ih-ID-1;184186_Ih-ID-1;184299_Ih-ID-1;184168_Ih-ID-1;184142_Ih-ID-1;184352_Ih-ID-1;184310_Ih-ID-1;184166_Ih-ID-1;184314_Ih-ID-2;184335_Ih-ID-1;184348_Ih-ID-1;184161_Ih-ID-1;184159_Ih-ID-1;184297_Ih-ID-1
42,267728_AXNODENA2-ID-1,Other,1,267728_AXNODENA2-ID-1
43,267728_JUXTAIKF-ID-1,Other,1,267728_JUXTAIKF-ID-1
44,267728_AXNODE-ID-1,Other,1,267728_AXNODE-ID-1
45,267728_INTERIH-ID-1,Other,1,267728_INTERIH-ID-1
46,267728_xtra-ID-1,Other,1,267728_xtra-ID-1
47,76879_wc-ID-1,Other,1,76879_wc-ID-1
52,168314_synapse_inter2pyr-ID-1,Other,1,168314_synapse_inter2pyr-ID-1
53,129067_vecevent-ID-2,Other,20,129067_vecevent-ID-2;129067_vecevent-ID-1;151685_vecevent-ID-1;150239_vecevent-ID-1;168314_vecevent-ID-1;167499_vecevent-ID-1;182134_vecevent-ID-1;155735_vecevent-ID-1;185513_vecevent-ID-1;183300_vecstim-ID-2;222359_vecevent-ID-1;232023_vecevent-ID-1;241979_vecevent-ID-1;230861_vecevent-ID-1;222725_vecevent-ID-1;239177_vecevent-ID-1;267509_vecstim-ID-1;267307_vecevent-ID-1;266797_vecevent-ID-2;266797_vecevent-ID-1
54,168314_pyr2pyr-ID-1,Other,1,168314_pyr2pyr-ID-1
55,168314_izh-ID-1,Other,1,168314_izh-ID-1
56,12631_passiv-ID-1,Other,3,12631_passiv-ID-1;7399_passiv-ID-1;7400_passiv-ID-1
57,7399_pregencv-ID-1,Other,1,7399_pregencv-ID-1
58,7399_vecst-ID-1,Other,1,7399_vecst-ID-1
61,7399_precall-ID-1,Other,1,7399_precall-ID-1
62,7399_pulsecv-ID-1,Other,1,7399_pulsecv-ID-1
63,7399_AMPA-ID-1,Other,1,7399_AMPA-ID-1
64,7399_GABAA-ID-1,Other,1,7399_GABAA-ID-1
65,12631_pregen-ID-1,Other,2,12631_pregen-ID-1;7399_pregen-ID-1
66,7399_sinstim-ID-1,Other,4,7399_sinstim-ID-1;7400_sinstim-ID-1;102288_SIN-ID-1;187604_SIN-ID-1
67,7399_matrix-ID-1,Other,2,7399_matrix-ID-1;7400_matrix-ID-1
68,267710_NapIsb1-ID-1,Other,1,267710_NapIsb1-ID-1
69,267710_NafSmb1-ID-1,Other,1,267710_NafSmb1-ID-1
70,267710_KdrSmb1-ID-1,Other,1,267710_KdrSmb1-ID-1
71,267710_CaDen-ID-1,Other,1,267710_CaDen-ID-1
72,267710_NafIsb1-ID-1,Other,1,267710_NafIsb1-ID-1
73,267710_KdrIsb1-ID-1,Other,1,267710_KdrIsb1-ID-1
74,267710_CaSmb1-ID-1,Other,1,267710_CaSmb1-ID-1
75,2001735_info-ID-1,Other,2,2001735_info-ID-1;267710_info-ID-1
76,238332_syn_inh-ID-1,Other,2,238332_syn_inh-ID-1;267146_syn_inh-ID-1
77,238332_gap-ID-1,Other,2,238332_gap-ID-1;267146_gap-ID-1
78,238332_MN_kSlow-ID-1,Other,2,238332_MN_kSlow-ID-1;267146_MN_kSlow-ID-1
79,267146_syn_nmda-ID-1,Other,1,267146_syn_nmda-ID-1
80,267146_syn_ampa_test-ID-1,Other,1,267146_syn_ampa_test-ID-1
81,267146_syn_inh_sat-ID-1,Other,1,267146_syn_inh_sat-ID-1
82,267146_syn_nmda_test-ID-1,Other,1,267146_syn_nmda_test-ID-1
83,267146_dIN_ca-ID-1,Other,1,267146_dIN_ca-ID-1
84,267146_dIN_kFast-ID-1,Other,1,267146_dIN_kFast-ID-1
85,267146_syn_inh_std-ID-1,Other,1,267146_syn_inh_std-ID-1
86,267146_dIN_na-ID-1,Other,1,267146_dIN_na-ID-1
87,267146_syn_ampa_dale-ID-1,Other,1,267146_syn_ampa_dale-ID-1
88,238332_MN_kFast-ID-1,Other,2,238332_MN_kFast-ID-1;267146_MN_kFast-ID-1
89,267146_syn_ampa_sat-ID-1,Other,1,267146_syn_ampa_sat-ID-1
90,267146_syn_ampa-ID-1,Other,1,267146_syn_ampa-ID-1
91,267146_syn_nmda_var-ID-1,Other,1,267146_syn_nmda_var-ID-1
92,267146_syn_ampa_std-ID-1,Other,1,267146_syn_ampa_std-ID-1
93,267146_syn_inh_mhr-ID-1,Other,1,267146_syn_inh_mhr-ID-1
94,267146_syn_nmda_std-ID-1,Other,1,267146_syn_nmda_std-ID-1
95,267146_syn_ampa_var-ID-1,Other,1,267146_syn_ampa_var-ID-1
96,267146_syn_nmda_sat-ID-1,Other,1,267146_syn_nmda_sat-ID-1
97,238332_MN_na-ID-1,Other,2,238332_MN_na-ID-1;267146_MN_na-ID-1
98,267146_dIN_kSlow-ID-1,Other,1,267146_dIN_kSlow-ID-1
99,267146_sin_clamp-ID-1,Other,1,267146_sin_clamp-ID-1
100,144549_stats-ID-1,Other,1,144549_stats-ID-1
101,144549_vecst-ID-1,Other,1,144549_vecst-ID-1
102,144549_misc-ID-1,Other,1,144549_misc-ID-1
103,144549_invlfire-ID-1,Other,1,144549_invlfire-ID-1
110,144385_cadiffus-ID-1,Other,4,144385_cadiffus-ID-1;116769_cadiffus-ID-1;157157_cadiffus-ID-1;231427_cadiffus-ID-1
111,123815_nmda-ID-1,Other,5,123815_nmda-ID-1;157157_nmda-ID-1;181967_nmda-ID-1;246546_nmda-ID-1;256311_nmda-ID-1
113,157157_IA-ID-1,Other,1,157157_IA-ID-1
114,157157_cad-ID-1,Other,1,157157_cad-ID-1
115,123815_burststim2-ID-1,Other,3,123815_burststim2-ID-1;154732_burststim2-ID-1;157157_burststim2-ID-1
117,123815_STDPE2Syn-ID-1,Other,4,123815_STDPE2Syn-ID-1;157157_STDPE2Syn-ID-1;246546_STDPE2Syn-ID-1;256311_STDPE2Syn-ID-1
118,20212_d3-ID-1,Other,16,20212_d3-ID-1;119266_d3-ID-1;144450_d3-ID-1;144490_d3-ID-1;143719_d3-ID-1;144089_d3-ID-1;144490_d3-ID-2;147757_d3-ID-1;151126_d3-ID-1;157157_d3-ID-1;206244_d3-ID-1;244416_d3-ID-1;256388_d3-ID-1;267599_d3-ID-1;267599_d3-ID-2;267140_d3-ID-1
119,157157_kapbru-ID-1,Other,1,157157_kapbru-ID-1
121,157157_kadbru-ID-1,Other,1,157157_kadbru-ID-1
124,20212_glutamate-ID-1,Other,3,20212_glutamate-ID-1;144490_glutamate-ID-1;157157_glutamate-ID-1
130,51781_ccanl-ID-1,Other,16,51781_ccanl-ID-1;64229_ccanl-ID-1;124513_ccanl-ID-1;97917_ccanl-ID-1;123815_ccanl-ID-1;155601_ccanl-ID-1;155602_ccanl-ID-1;149174_ccanl-ID-1;155568_ccanl-ID-1;151126_ccanl-ID-1;185355_ccanl-ID-1;181967_ccanl-ID-1;157157_ccanl-ID-1;256388_ccanl-ID-1;246546_ccanl-ID-1;256311_ccanl-ID-1
131,123815_regn_stim-ID-1,Other,3,123815_regn_stim-ID-1;181967_regn_stim-ID-1;157157_regn_stim-ID-1
134,123815_my_exp2syn-ID-1,Other,5,123815_my_exp2syn-ID-1;151126_my_exp2syn-ID-1;157157_my_exp2syn-ID-1;181967_my_exp2syn-ID-1;256388_my_exp2syn-ID-1
138,154732_nmdaca-ID-1,Other,2,154732_nmdaca-ID-1;157157_nmdaca-ID-1
139,144490_gabab-ID-1,Other,2,144490_gabab-ID-1;157157_gabab-ID-1
140,19746_ANsyn-ID-1,Other,8,19746_ANsyn-ID-1;123815_ANsyn-ID-1;151126_ANsyn-ID-1;181967_ANsyn-ID-1;157157_ANsyn-ID-1;256388_ANsyn-ID-1;246546_ANsyn-ID-1;256311_ANsyn-ID-1
141,20212_gabaa-ID-1,Other,4,20212_gabaa-ID-1;144490_gabaa-ID-1;157157_gabaa-ID-1;231427_gabaa-ID-1
148,157157_bistableGB_DOWNUP-ID-1,Other,1,157157_bistableGB_DOWNUP-ID-1
149,125745_ip3cum-ID-1,Other,1,125745_ip3cum-ID-1
150,125745_bkr-ID-1,Other,2,125745_bkr-ID-1;243508_bkr-ID-1
151,125745_cdp-ID-1,Other,1,125745_cdp-ID-1
152,251881_TC_HH-ID-1,Other,1,251881_TC_HH-ID-1
153,251881_TC_iL-ID-1,Other,1,251881_TC_iL-ID-1
154,251881_TC_Nap_Et2-ID-1,Other,1,251881_TC_Nap_Et2-ID-1
155,251881_SK_E2-ID-1,Other,2,251881_SK_E2-ID-1;264834_SK_E2-ID-1
156,251881_TC_Ih_Bud97-ID-1,Other,1,251881_TC_Ih_Bud97-ID-1
157,251881_TC_ITGHK_Des98-ID-1,Other,1,251881_TC_ITGHK_Des98-ID-1
158,251881_TC_cadecay-ID-1,Other,3,251881_TC_cadecay-ID-1;267589_TC_cadecay-ID-2;267589_TC_cadecay-ID-1
159,251881_TC_iA-ID-1,Other,3,251881_TC_iA-ID-1;267589_TC_iA-ID-2;267589_TC_iA-ID-1
160,137845_invlfire-ID-1,Other,1,137845_invlfire-ID-1
161,263988_gaines_sensory_stin-ID-10,Other,15,263988_gaines_sensory_stin-ID-10;263988_gaines_sensory_stin-ID-8;263988_gaines_sensory_stin-ID-11;263988_gaines_sensory_stin-ID-13;263988_gaines_sensory_stin-ID-6;263988_gaines_sensory_stin-ID-4;263988_gaines_sensory_stin-ID-14;263988_gaines_sensory_stin-ID-9;263988_gaines_sensory_stin-ID-12;263988_gaines_sensory_stin-ID-7;263988_gaines_sensory_stin-ID-3;263988_gaines_sensory_stin-ID-5;263988_gaines_sensory_stin-ID-1;263988_gaines_sensory_stin-ID-15;263988_gaines_sensory_stin-ID-2
162,263988_gaines_sensory_node-ID-13,Other,15,263988_gaines_sensory_node-ID-13;263988_gaines_sensory_node-ID-6;263988_gaines_sensory_node-ID-8;263988_gaines_sensory_node-ID-1;263988_gaines_sensory_node-ID-9;263988_gaines_sensory_node-ID-15;263988_gaines_sensory_node-ID-7;263988_gaines_sensory_node-ID-11;263988_gaines_sensory_node-ID-12;263988_gaines_sensory_node-ID-2;263988_gaines_sensory_node-ID-4;263988_gaines_sensory_node-ID-14;263988_gaines_sensory_node-ID-3;263988_gaines_sensory_node-ID-5;263988_gaines_sensory_node-ID-10
163,263988_gaines_sensory_flut-ID-4,Other,15,263988_gaines_sensory_flut-ID-4;263988_gaines_sensory_flut-ID-10;263988_gaines_sensory_flut-ID-1;263988_gaines_sensory_flut-ID-5;263988_gaines_sensory_flut-ID-13;263988_gaines_sensory_flut-ID-8;263988_gaines_sensory_flut-ID-2;263988_gaines_sensory_flut-ID-3;263988_gaines_sensory_flut-ID-9;263988_gaines_sensory_flut-ID-11;263988_gaines_sensory_flut-ID-12;263988_gaines_sensory_flut-ID-14;263988_gaines_sensory_flut-ID-15;263988_gaines_sensory_flut-ID-7;263988_gaines_sensory_flut-ID-6
164,263988_gaines_sensory_mysa-ID-11,Other,15,263988_gaines_sensory_mysa-ID-11;263988_gaines_sensory_mysa-ID-7;263988_gaines_sensory_mysa-ID-4;263988_gaines_sensory_mysa-ID-10;263988_gaines_sensory_mysa-ID-1;263988_gaines_sensory_mysa-ID-13;263988_gaines_sensory_mysa-ID-5;263988_gaines_sensory_mysa-ID-9;263988_gaines_sensory_mysa-ID-15;263988_gaines_sensory_mysa-ID-2;263988_gaines_sensory_mysa-ID-8;263988_gaines_sensory_mysa-ID-6;263988_gaines_sensory_mysa-ID-14;263988_gaines_sensory_mysa-ID-3;263988_gaines_sensory_mysa-ID-12
165,263988_MRG_AXNODE-ID-13,Other,21,263988_MRG_AXNODE-ID-13;263988_MRG_AXNODE-ID-15;263988_MRG_AXNODE-ID-12;263988_MRG_AXNODE-ID-4;263988_MRG_AXNODE-ID-3;263988_MRG_AXNODE-ID-1;263988_MRG_AXNODE-ID-9;263988_MRG_AXNODE-ID-19;263988_MRG_AXNODE-ID-11;263988_MRG_AXNODE-ID-7;263988_MRG_AXNODE-ID-5;263988_MRG_AXNODE-ID-10;263988_MRG_AXNODE-ID-21;263988_MRG_AXNODE-ID-20;263988_MRG_AXNODE-ID-14;263988_MRG_AXNODE-ID-8;263988_MRG_AXNODE-ID-17;263988_MRG_AXNODE-ID-6;263988_MRG_AXNODE-ID-18;263988_MRG_AXNODE-ID-2;263988_MRG_AXNODE-ID-16
167,267184_mStepIClamp-ID-1,Other,1,267184_mStepIClamp-ID-1
168,235769_KCa-ID-4,Other,9,235769_KCa-ID-4;235769_KCa-ID-1;235769_KCa-ID-2;235769_KCa-ID-3;266732_KCa-ID-2;266732_KCa-ID-3;266732_KCa-ID-1;266732_KCa-ID-4;267184_KCa-ID-1
169,235769_module3-ID-4,Other,9,235769_module3-ID-4;235769_module3-ID-1;235769_module3-ID-2;235769_module3-ID-3;266732_module3-ID-1;266732_module3-ID-2;266732_module3-ID-4;266732_module3-ID-3;267184_module3-ID-1
170,235769_Xm-ID-1,Other,7,235769_Xm-ID-1;235769_Xm-ID-2;235769_Xm-ID-4;235769_Xm-ID-3;266732_Xm-ID-1;266732_Xm-ID-3;267184_Xm-ID-1
171,267184_RampIClampNoise-ID-1,Other,1,267184_RampIClampNoise-ID-1
172,235769_KDr-ID-1,Other,9,235769_KDr-ID-1;235769_KDr-ID-2;235769_KDr-ID-4;235769_KDr-ID-3;266732_KDr-ID-3;266732_KDr-ID-2;266732_KDr-ID-1;266732_KDr-ID-4;267184_KDr-ID-1
173,235769_Ca_conc-ID-1,Other,9,235769_Ca_conc-ID-1;235769_Ca_conc-ID-3;235769_Ca_conc-ID-2;235769_Ca_conc-ID-4;266732_Ca_conc-ID-1;266732_Ca_conc-ID-3;266732_Ca_conc-ID-2;266732_Ca_conc-ID-4;267184_Ca_conc-ID-1
174,235769_Naf-ID-4,Other,9,235769_Naf-ID-4;235769_Naf-ID-1;235769_Naf-ID-2;235769_Naf-ID-3;266732_Naf-ID-4;266732_Naf-ID-2;266732_Naf-ID-1;266732_Naf-ID-3;267184_Naf-ID-1
175,235769_Nap-ID-2,Other,9,235769_Nap-ID-2;235769_Nap-ID-1;235769_Nap-ID-3;235769_Nap-ID-4;266732_Nap-ID-4;266732_Nap-ID-1;266732_Nap-ID-2;266732_Nap-ID-3;267184_Nap-ID-1
176,235769_RampIClamp-ID-1,Other,3,235769_RampIClamp-ID-1;266732_RampIClamp-ID-1;267184_RampIClamp-ID-1
177,267184_module1_2-ID-1,Other,1,267184_module1_2-ID-1
178,235769_CaN-ID-3,Other,9,235769_CaN-ID-3;235769_CaN-ID-1;235769_CaN-ID-2;235769_CaN-ID-4;266732_CaN-ID-4;266732_CaN-ID-1;266732_CaN-ID-2;266732_CaN-ID-3;267184_CaN-ID-1
179,235769_CaL-ID-1,Other,9,235769_CaL-ID-1;235769_CaL-ID-2;235769_CaL-ID-3;235769_CaL-ID-4;266732_CaL-ID-4;266732_CaL-ID-2;266732_CaL-ID-1;266732_CaL-ID-3;267184_CaL-ID-1
181,222321_kahp-ID-1,Other,1,222321_kahp-ID-1
182,222321_is-ID-1,Other,1,222321_is-ID-1
187,222321_kcc2-ID-1,Other,1,222321_kcc2-ID-1
188,222321_nap-ID-1,Other,1,222321_nap-ID-1
189,222321_getconc-ID-1,Other,1,222321_getconc-ID-1
190,222321_leak-ID-1,Other,1,222321_leak-ID-1
195,222321_LinClamp-ID-1,Other,1,222321_LinClamp-ID-1
196,222321_accum-ID-1,Other,1,222321_accum-ID-1
197,222321_nakpump-ID-1,Other,1,222321_nakpump-ID-1
198,222321_cal-ID-1,Other,1,222321_cal-ID-1
199,222321_kc-ID-1,Other,1,222321_kc-ID-1
201,95870_IinjLT-ID-1,Other,2,95870_IinjLT-ID-1;64228_IinjLT-ID-1
202,95870_Cad-ID-1,Other,3,95870_Cad-ID-1;64228_Cad-ID-1;267646_Rod_Cad-ID-1
205,95870_Leak-ID-1,Other,3,95870_Leak-ID-1;64228_Leak-ID-1;267646_Rod_Leak-ID-1
206,95870_CPR-ID-1,Other,1,95870_CPR-ID-1
208,144385_cad-ID-1,Other,4,144385_cad-ID-1;2488_cad-ID-1;245427_ca_diffusion-ID-1;267311_cad-ID-1
209,267311_car_markov-ID-1,Other,1,267311_car_markov-ID-1
210,267311_hq-ID-1,Other,1,267311_hq-ID-1
211,267311_kdr-ID-1,Other,1,267311_kdr-ID-1
212,267311_cav32m3-ID-1,Other,1,267311_cav32m3-ID-1
213,267311_cav32m2-ID-1,Other,1,267311_cav32m2-ID-1
214,267311_na3-ID-1,Other,1,267311_na3-ID-1
215,267311_ka-ID-1,Other,1,267311_ka-ID-1
216,237653_sk-ID-1,Other,1,237653_sk-ID-1
217,237653_caq-ID-1,Other,1,237653_caq-ID-1
218,237653_cat32-ID-1,Other,1,237653_cat32-ID-1
219,237653_car-ID-1,Other,1,237653_car-ID-1
220,237653_cat33-ID-1,Other,1,237653_cat33-ID-1
221,237653_caldyn-ID-1,Other,2,237653_caldyn-ID-1;266775_caldyn-ID-1
222,237653_kdr-ID-1,Other,2,237653_kdr-ID-1;266775_kdr-ID-1
223,237653_kir-ID-1,Other,1,237653_kir-ID-1
224,237653_bk-ID-1,Other,2,237653_bk-ID-1;266775_bk-ID-1
225,237653_naf-ID-1,Other,1,237653_naf-ID-1
226,237653_tmglut-ID-1,Other,1,237653_tmglut-ID-1
227,237653_speedy_reduced2-ID-1,Other,1,237653_speedy_reduced2-ID-1
228,237653_cal12-ID-1,Other,1,237653_cal12-ID-1
229,237653_cal13-ID-1,Other,1,237653_cal13-ID-1
230,237653_tmgabaa-ID-1,Other,1,237653_tmgabaa-ID-1
231,237653_can-ID-1,Other,1,237653_can-ID-1
232,237653_kaf-ID-1,Other,1,237653_kaf-ID-1
233,237653_kas-ID-1,Other,1,237653_kas-ID-1
234,237653_cadyn-ID-1,Other,2,237653_cadyn-ID-1;266775_cadyn-ID-1
242,229585_Kca11-ID-1,Other,9,229585_Kca11-ID-1;239421_Kca11-ID-1;266806_Kca11-ID-2;266806_Kca11-ID-1;265584_Kca11-ID-4;265584_Kca11-ID-1;265584_Kca11-ID-3;265584_Kca11-ID-2;267189_Kca11-ID-1
244,266806_PC_NMDA_NR2B-ID-2,Other,2,266806_PC_NMDA_NR2B-ID-2;266806_PC_NMDA_NR2B-ID-1
245,266806_GOLGI_Ampa_mossy_det_vi-ID-1,Other,2,266806_GOLGI_Ampa_mossy_det_vi-ID-1;266806_GOLGI_Ampa_mossy_det_vi-ID-2
246,266806_GOLGI_Ampa_pf_aa_det_vi-ID-1,Other,2,266806_GOLGI_Ampa_pf_aa_det_vi-ID-1;266806_GOLGI_Ampa_pf_aa_det_vi-ID-2
248,266806_cdp5StCmod-ID-2,Other,2,266806_cdp5StCmod-ID-2;266806_cdp5StCmod-ID-1
250,229585_Leak-ID-1,Other,9,229585_Leak-ID-1;239421_Leak-ID-1;265584_Leak-ID-2;266806_Leak-ID-1;265584_Leak-ID-3;266806_Leak-ID-2;265584_Leak-ID-1;265584_Leak-ID-4;267189_Leak-ID-1
252,229585_Kca31-ID-1,Other,5,229585_Kca31-ID-1;239421_Kca31-ID-1;266806_Kca31-ID-2;266806_Kca31-ID-1;267189_Kca31-ID-1
254,231818_Cav12-ID-1,Other,3,231818_Cav12-ID-1;266806_Cav12-ID-2;266806_Cav12-ID-1
255,266806_Hcn2-ID-2,Other,2,266806_Hcn2-ID-2;266806_Hcn2-ID-1
256,231818_Cav13-ID-1,Other,3,231818_Cav13-ID-1;266806_Cav13-ID-1;266806_Cav13-ID-2
257,266806_Cav2_3-ID-1,Other,2,266806_Cav2_3-ID-1;266806_Cav2_3-ID-2
258,266806_Hcn1-ID-2,Other,2,266806_Hcn1-ID-2;266806_Hcn1-ID-1
259,229585_Kca22-ID-1,Other,9,229585_Kca22-ID-1;239421_Kca22-ID-1;265584_Kca22-ID-2;266806_Kca22-ID-1;265584_Kca22-ID-4;265584_Kca22-ID-1;265584_Kca22-ID-3;266806_Kca22-ID-2;267189_Kca22-ID-1
265,168310_NMDA-ID-1,Other,5,168310_NMDA-ID-1;155057_NMDA-ID-1;230811_NMDA-ID-1;237595_NMDA-ID-1;237595_NMDA-ID-2
266,230811_cad-ID-1,Other,1,230811_cad-ID-1
268,155057_gabaain-ID-1,Other,2,155057_gabaain-ID-1;230811_gabaain-ID-1
269,230811_kdr_in-ID-1,Other,1,230811_kdr_in-ID-1
270,230811_naf-ID-1,Other,1,230811_naf-ID-1
272,230811_NMDA_syn-ID-1,Other,1,230811_NMDA_syn-ID-1
276,155057_vecstim-ID-1,Other,10,155057_vecstim-ID-1;230811_vecstim-ID-1;246546_vecstim-ID-1;237595_vecstim-ID-2;237595_vecstim-ID-1;231185_vecstim-ID-1;256311_vecstim-ID-1;266851_vecstim-ID-4;266851_vecstim-ID-3;249705_vecstim-ID-1
277,144089_ampa-ID-1,Other,2,144089_ampa-ID-1;230811_ampa-ID-1
278,144089_gabab-ID-1,Other,9,144089_gabab-ID-1;168310_gabab-ID-1;155057_gabab-ID-1;230811_gabab-ID-1;237595_gabab-ID-1;237595_gabab-ID-2;266851_gabab-ID-3;266851_gabab-ID-4;249705_gabab-ID-1
279,168310_ampain-ID-1,Other,5,168310_ampain-ID-1;155057_ampain-ID-1;230811_ampain-ID-1;237595_ampain-ID-2;237595_ampain-ID-1
280,144450_gabaa-ID-1,Other,10,144450_gabaa-ID-1;144089_gabaa-ID-1;155057_gabaa-ID-1;168310_gabaa-ID-1;230811_gabaa-ID-1;237595_gabaa-ID-1;237595_gabaa-ID-2;266851_gabaa-ID-1;266851_gabaa-ID-2;249705_gabaa-ID-1
285,7659_distr-ID-1,Other,24,7659_distr-ID-1;32992_distr-ID-1;55035_distr-ID-1;71312_distr-ID-1;101629_distr-ID-1;106551_distr-ID-1;119283_distr-ID-1;118098_distr-ID-1;138205_distr-ID-1;146376_distr-ID-1;144541_distr-ID-1;144976_distr-ID-1;148644_distr-ID-1;146509_distr-ID-1;154732_distr-ID-1;148646_distr-ID-1;206378_distr-ID-1;181967_distr-ID-1;223962_distr-ID-1;223649_distr-ID-1;223649_distr-ID-2;190559_distr-ID-1;244412_distr-ID-1;267298_distr-ID-1
291,9769_netstimm-ID-1,Other,6,9769_netstimm-ID-1;32992_netstimm-ID-1;119283_netstimm-ID-1;146509_netstimm-ID-1;151731_netstimm-ID-1;190559_netstimm-ID-1
293,222716_spines-ID-1,Other,5,222716_spines-ID-1;222726_spines-ID-1;150239_spines-ID-1;266797_spines-ID-2;266797_spines-ID-1
297,222716_leak-ID-1,Other,2,222716_leak-ID-1;222726_leakcond-ID-1
298,3677_synampa-ID-1,Other,6,3677_synampa-ID-1;98005_synampa-ID-1;95960_synampa-ID-1;222716_synampa-ID-1;222726_synampa-ID-1;267512_synampa-ID-1
299,222716_vms-ID-1,Other,2,222716_vms-ID-1;222726_vms-ID-1
302,222716_ih-ID-1,Other,2,222716_ih-ID-1;222726_ih_new-ID-1
303,223891_hh2-ID-1,Other,1,223891_hh2-ID-1
304,3670_ICAN-ID-1,Other,2,3670_ICAN-ID-1;223891_ican-ID-1
305,140828_NMDA_Mg_T-ID-1,Other,2,140828_NMDA_Mg_T-ID-1;223891_NMDA_Mg_T-ID-1
306,223891_irk-ID-1,Other,1,223891_irk-ID-1
307,223891_Izap-ID-1,Other,1,223891_Izap-ID-1
308,223891_htc-ID-1,Other,1,223891_htc-ID-1
309,3817_cadecay-ID-1,Other,7,3817_cadecay-ID-1;279_cadecay-ID-1;123623_cadecay_destexhe-ID-1;223891_cadecay-ID-1;223649_cadecay_destexhe-ID-1;223649_cadecay_destexhe-ID-2;239878_cadecay-ID-1
310,50207_release_BMK-ID-1,Other,5,50207_release_BMK-ID-1;108459_release_BMK-ID-1;140828_release_BMK-ID-1;144482_trans-ID-1;223891_rel-ID-1
312,223891_isyn-ID-1,Other,1,223891_isyn-ID-1
318,80769_Caint-ID-1,Other,1,80769_Caint-ID-1
319,80769_leak-ID-1,Other,2,80769_leak-ID-1;138382_leak-ID-1
323,44050_netstims-ID-1,Other,19,44050_netstims-ID-1;55035_netstims-ID-1;97874_netstims-ID-1;106551_netstims-ID-1;87535_netstims-ID-1;139657_netstims-ID-1;138205_netstims-ID-1;144976_netstims-ID-1;148644_netstims-ID-1;170030_netstims-ID-1;157339_netstims-ID-1;223962_netstims-ID-1;226364_netstims-ID-1;244416_netstims-ID-1;244412_netstims-ID-1;257027_netstims-ID-1;267599_netstims-ID-2;267599_netstims-ID-1;267140_netstims-ID-1
326,151460_STh-ID-1,Other,2,151460_STh-ID-1;74298_STh-ID-1
327,151460_myions-ID-1,Other,4,151460_myions-ID-1;114685_myions-ID-1;127388_myions-ID-1;262046_myions-ID-1
331,151460_Cacum-ID-1,Other,1,151460_Cacum-ID-1
333,151460_train-ID-1,Other,1,151460_train-ID-1
335,151460_ampa-ID-1,Other,1,151460_ampa-ID-1
337,151460_gabaa-ID-1,Other,1,151460_gabaa-ID-1
344,124291_nmdanetGR-ID-1,Other,1,124291_nmdanetGR-ID-1
348,50207_NMDA_Mg-ID-1,Other,4,50207_NMDA_Mg-ID-1;108459_NMDA_Mg-ID-1;135787_NMDA_Mg-ID-1;135839_NMDA_Mg-ID-1
353,37819_cad-ID-1,Other,6,37819_cad-ID-1;64195_cad-ID-1;135787_cad-ID-1;135839_cad-ID-1;140828_cad-ID-1;143604_cad-ID-1
355,7988_release-ID-1,Other,3,7988_release-ID-1;135787_release-ID-1;135839_release-ID-1
357,18198_gabaa5-ID-1,Other,3,18198_gabaa5-ID-1;135787_gabaa5-ID-1;135839_gabaa5-ID-1
358,135787_capump-ID-1,Other,2,135787_capump-ID-1;135839_capump-ID-1
360,135787_Gfluct-ID-1,Other,3,135787_Gfluct-ID-1;135898_Gfluct-ID-1;135839_Gfluct-ID-1
363,135787_ih-ID-1,Other,1,135787_ih-ID-1
364,18198_ampa5-ID-1,Other,2,18198_ampa5-ID-1;135787_ampa5-ID-1
365,18198_nmda5-ID-1,Other,3,18198_nmda5-ID-1;135787_nmda5-ID-1;135839_nmda5-ID-1
366,151458_ER-ID-1,Other,1,151458_ER-ID-1
368,112834_stim-ID-1,Other,4,112834_stim-ID-1;151458_stim-ID-1;150284_stim-ID-1;236310_stim-ID-1
369,151458_NMDA-ID-1,Other,1,151458_NMDA-ID-1
373,151458_caldyn-ID-1,Other,1,151458_caldyn-ID-1
374,151458_damsg-ID-1,Other,1,151458_damsg-ID-1
376,112834_GABA-ID-1,Other,5,112834_GABA-ID-1;121060_GABA-ID-1;267508_GABA-ID-1;150284_GABA-ID-1;151458_GABA-ID-1
381,151458_AMPA-ID-1,Other,1,151458_AMPA-ID-1
382,151458_MGLU-ID-1,Other,1,151458_MGLU-ID-1
388,151458_cadyn-ID-1,Other,1,151458_cadyn-ID-1
389,93326_shunt-ID-1,Other,2,93326_shunt-ID-1;93325_shunt-ID-1
390,93326_thold-ID-1,Other,2,93326_thold-ID-1;93325_thold-ID-1
391,93326_leak-ID-1,Other,2,93326_leak-ID-1;93325_leak-ID-1
392,93325_tholdsyn-ID-1,Other,1,93325_tholdsyn-ID-1
393,151404_nmda_dsyn-ID-1,Other,2,151404_nmda_dsyn-ID-1;167694_nmda_dsyn-ID-1
394,151404_double_synapse-ID-1,Other,2,151404_double_synapse-ID-1;167694_double_synapse-ID-1
397,151404_syn_placeholder-ID-1,Other,2,151404_syn_placeholder-ID-1;167694_syn_placeholder-ID-1
398,2014814_brain-ID-2,Other,2,2014814_brain-ID-2;2014814_brain-ID-1
399,2014814_body-ID-2,Other,2,2014814_body-ID-2;2014814_body-ID-1
400,2014814_predator-ID-1,Other,2,2014814_predator-ID-1;2014814_predator-ID-2
401,2014814_prey-ID-1,Other,2,2014814_prey-ID-1;2014814_prey-ID-2
402,2014814_calcium-ID-1,Other,2,2014814_calcium-ID-1;2014814_calcium-ID-2
403,2014814_force-ID-1,Other,2,2014814_force-ID-1;2014814_force-ID-2
404,2014814_brain-ID-3,Other,2,2014814_brain-ID-3;2014814_brain-ID-4
405,2014814_body-ID-4,Other,2,2014814_body-ID-4;2014814_body-ID-3
406,2014814_brain-ID-5,Other,1,2014814_brain-ID-5
407,2014814_body-ID-5,Other,4,2014814_body-ID-5;2014814_body-ID-7;2014814_body-ID-6;2014814_body-ID-8
408,2014814_brain-ID-7,Other,2,2014814_brain-ID-7;2014814_brain-ID-6
409,2014814_brain-ID-8,Other,1,2014814_brain-ID-8
410,2014814_na-ID-2,Other,2,2014814_na-ID-2;2014814_na-ID-1
411,2014814_syn-ID-2,Other,2,2014814_syn-ID-2;2014814_syn-ID-1
412,2014814_nap-ID-2,Other,2,2014814_nap-ID-2;2014814_nap-ID-1
413,2014814_k-ID-1,Other,2,2014814_k-ID-1;2014814_k-ID-2
414,2014814_leak-ID-2,Other,2,2014814_leak-ID-2;2014814_leak-ID-1
415,2014814_respiration-ID-1,Other,2,2014814_respiration-ID-1;2014814_respiration-ID-2
416,263034_mfbhh-ID-1,Other,2,263034_mfbhh-ID-1;267512_mfbhh-ID-1
417,267512_mfbnca-ID-1,Other,2,267512_mfbnca-ID-1;267617_mfbnca-ID-1
418,267512_mfbpqca-ID-1,Other,2,267512_mfbpqca-ID-1;267617_mfbpqca-ID-1
419,267512_mfbrca-ID-1,Other,2,267512_mfbrca-ID-1;267617_mfbrca-ID-1
422,138205_Gfluct-ID-1,Other,2,138205_Gfluct-ID-1;190559_Gfluct-ID-1
423,267176_netstim1-ID-1,Other,1,267176_netstim1-ID-1
424,267176_KAHP-ID-1,Other,1,267176_KAHP-ID-1
425,267176_Ipulse-ID-1,Other,1,267176_Ipulse-ID-1
426,239582_gh-ID-1,Other,2,239582_gh-ID-1;267176_gh-ID-1
427,267176_mAHP-ID-1,Other,1,267176_mAHP-ID-1
428,267176_na3rp-ID-1,Other,1,267176_na3rp-ID-1
430,267176_L_Ca_inact-ID-1,Other,1,267176_L_Ca_inact-ID-1
431,267176_exp2syn1-ID-1,Other,1,267176_exp2syn1-ID-1
432,267176_RampIClamp-ID-1,Other,1,267176_RampIClamp-ID-1
433,267176_leak-ID-1,Other,1,267176_leak-ID-1
434,267176_expsyn1-ID-1,Other,1,267176_expsyn1-ID-1
435,267176_Gfluct-ID-1,Other,1,267176_Gfluct-ID-1
436,267176_HCaL-ID-1,Other,1,267176_HCaL-ID-1
439,267176_VClamp-ID-1,Other,1,267176_VClamp-ID-1
441,144579_alphasyndiffeq-ID-1,Other,2,144579_alphasyndiffeq-ID-1;244262_alphasyndiffeq-ID-1
446,97917_rampsyn-ID-1,Other,3,97917_rampsyn-ID-1;144579_rampsyn-ID-1;244262_rampsyn-ID-1
449,144579_ri-ID-1,Other,1,144579_ri-ID-1
450,97917_cad-ID-1,Other,4,97917_cad-ID-1;144401_cad-ID-1;144579_cad-ID-1;244262_cad-ID-1
452,144579_traub_nmda-ID-1,Other,2,144579_traub_nmda-ID-1;244262_traub_nmda-ID-1
454,97917_alphasynkin-ID-1,Other,3,97917_alphasynkin-ID-1;144579_alphasynkin-ID-1;244262_alphasynkin-ID-1
456,97917_alphasynkint-ID-1,Other,3,97917_alphasynkint-ID-1;144579_alphasynkint-ID-1;244262_alphasynkint-ID-1
464,144579_ampa-ID-1,Other,2,144579_ampa-ID-1;244262_ampa-ID-1
466,144579_rand-ID-1,Other,1,144579_rand-ID-1
467,97917_iclamp_const-ID-1,Other,3,97917_iclamp_const-ID-1;144579_iclamp_const-ID-1;244262_iclamp_const-ID-1
468,144385_gabaa-ID-1,Other,3,144385_gabaa-ID-1;144579_gabaa-ID-1;244262_gabaa-ID-1
471,97917_pulsesyn-ID-1,Other,3,97917_pulsesyn-ID-1;144579_pulsesyn-ID-1;244262_pulsesyn-ID-1
472,97917_par_ggap-ID-1,Other,6,97917_par_ggap-ID-1;135902_par_ggap-ID-1;135903_par_ggap-ID-1;144579_par_ggap-ID-1;182134_par_ggap-ID-1;230861_par_ggap-ID-1
475,155601_markov-ID-1,Other,2,155601_markov-ID-1;155602_markov-ID-1
476,155601_gap-ID-1,Other,1,155601_gap-ID-1
478,155601_tonic-ID-1,Other,2,155601_tonic-ID-1;155602_tonic-ID-1
482,155601_izap-ID-1,Other,1,155601_izap-ID-1
484,8115_Gfluct-ID-1,Other,9,8115_Gfluct-ID-1;51781_Gfluct2-ID-1;124513_Gfluct2-ID-1;97917_Gfluct2-ID-1;141273_Gfluct-ID-1;155602_Gfluct2-ID-1;155601_Gfluct2-ID-1;155568_Gfluct2-ID-1;232876_Gfluct-ID-1
493,168310_kca-ID-1,Other,4,168310_kca-ID-1;155057_kca-ID-1;237595_kca-ID-1;237595_kca-ID-2
496,155057_ican-ID-1,Other,1,155057_ican-ID-1
498,144089_sinclamp-ID-1,Other,5,144089_sinclamp-ID-1;168310_sinclamp-ID-1;155057_sinclamp-ID-1;237595_sinclamp-ID-2;237595_sinclamp-ID-1
501,155057_NMDA_syn-ID-1,Other,1,155057_NMDA_syn-ID-1
502,168310_iks-ID-1,Other,4,168310_iks-ID-1;155057_iks-ID-1;237595_iks-ID-1;237595_iks-ID-2
503,155057_ampa-ID-1,Other,1,155057_ampa-ID-1
504,144450_netstim-ID-1,Other,5,144450_netstim-ID-1;155057_netstim-ID-1;168310_netstim-ID-1;237595_netstim-ID-2;237595_netstim-ID-1
506,168310_kadist-ID-1,Other,4,168310_kadist-ID-1;155057_kadist-ID-1;237595_kadist-ID-2;237595_kadist-ID-1
508,155057_cadyn-ID-1,Other,1,155057_cadyn-ID-1
509,3167_pnoise-ID-1,Other,1,3167_pnoise-ID-1
511,260192_kdrs1-ID-1,Other,1,260192_kdrs1-ID-1
512,262233_nas_rs-ID-1,Other,2,262233_nas_rs-ID-1;260192_nas_rs-ID-1
513,260192_kdrs1_LR-ID-1,Other,1,260192_kdrs1_LR-ID-1
514,260192_AHP-ID-1,Other,1,260192_AHP-ID-1
515,260192_kd-ID-1,Other,1,260192_kd-ID-1
517,113446_nmda-ID-1,Other,1,113446_nmda-ID-1
521,113446_nax-ID-1,Other,1,113446_nax-ID-1
524,113446_capump-ID-1,Other,1,113446_capump-ID-1
525,113446_hzclampna-ID-1,Other,1,113446_hzclampna-ID-1
527,113446_getconc-ID-1,Other,1,113446_getconc-ID-1
528,113446_xiong-ID-1,Other,1,113446_xiong-ID-1
529,113446_itot-ID-1,Other,1,113446_itot-ID-1
530,113446_leak-ID-1,Other,1,113446_leak-ID-1
531,113446_nastim-ID-1,Other,1,113446_nastim-ID-1
532,113446_hzclamp-ID-1,Other,1,113446_hzclamp-ID-1
533,113446_accum-ID-1,Other,1,113446_accum-ID-1
535,113446_nakpump-ID-1,Other,1,113446_nakpump-ID-1
537,145836_SynExp2NMDA-ID-1,Other,3,145836_SynExp2NMDA-ID-1;266823_SynExp2NMDA-ID-2;266823_SynExp2NMDA-ID-1
538,145836_SynNMDA16_2-ID-1,Other,1,145836_SynNMDA16_2-ID-1
539,145836_SynNMDA16-ID-1,Other,1,145836_SynNMDA16-ID-1
540,145836_SynNMDA10_2-ID-1,Other,1,145836_SynNMDA10_2-ID-1
541,145836_SynExp3NMDA-ID-1,Other,1,145836_SynExp3NMDA-ID-1
542,145836_SynExp4NMDA2-ID-1,Other,1,145836_SynExp4NMDA2-ID-1
543,145836_SynExp5NMDA2-ID-1,Other,1,145836_SynExp5NMDA2-ID-1
544,145836_SynNMDA10_1-ID-1,Other,1,145836_SynNMDA10_1-ID-1
545,145836_SynExp5NMDA3-ID-1,Other,1,145836_SynExp5NMDA3-ID-1
546,145836_SynExp3NMDA2-ID-1,Other,1,145836_SynExp3NMDA2-ID-1
547,145836_SynNMDA10_2_2-ID-1,Other,1,145836_SynNMDA10_2_2-ID-1
548,145836_SynExp5NMDA-ID-1,Other,2,145836_SynExp5NMDA-ID-1;231427_SynExp5NMDA-ID-1
549,145836_SynExp4NMDA-ID-1,Other,1,145836_SynExp4NMDA-ID-1
550,144570_fi-ID-1,Other,1,144570_fi-ID-1
552,127995_ampanmda-ID-1,Other,2,127995_ampanmda-ID-1;144570_ampanmda-ID-1
555,127995_ThreshDetect-ID-1,Other,7,127995_ThreshDetect-ID-1;144054_ThreshDetect-ID-1;144570_ThreshDetect-ID-1;151681_ThreshDetect-ID-1;168591_ThreshDetect-ID-1;183300_ThreshDetect-ID-1;240116_ThreshDetect-ID-1
556,267599_calH-ID-1,Other,3,267599_calH-ID-1;267599_calH-ID-2;267140_calH-ID-1
557,267599_kca-ID-2,Other,3,267599_kca-ID-2;267599_kca-ID-1;267140_kca-ID-1
558,267599_km-ID-2,Other,3,267599_km-ID-2;267599_km-ID-1;267140_km-ID-1
559,267140_Nav16_noI2-ID-1,Other,1,267140_Nav16_noI2-ID-1
560,267599_cat-ID-1,Other,3,267599_cat-ID-1;267599_cat-ID-2;267140_cat-ID-1
561,267599_somacar-ID-1,Other,3,267599_somacar-ID-1;267599_somacar-ID-2;267140_somacar-ID-1
562,267599_cad-ID-2,Other,3,267599_cad-ID-2;267599_cad-ID-1;267140_cad-ID-1
563,267599_PotassiumInwardRectifier-ID-1,Other,3,267599_PotassiumInwardRectifier-ID-1;267599_PotassiumInwardRectifier-ID-2;267140_PotassiumInwardRectifier-ID-1
564,267599_car-ID-2,Other,3,267599_car-ID-2;267599_car-ID-1;267140_car-ID-1
565,267140_ican-ID-1,Other,1,267140_ican-ID-1
566,267599_nax-ID-2,Other,3,267599_nax-ID-2;267599_nax-ID-1;267140_nax-ID-1
567,267599_kdr-ID-2,Other,3,267599_kdr-ID-2;267599_kdr-ID-1;267140_kdr-ID-1
568,267599_cagk-ID-2,Other,3,267599_cagk-ID-2;267599_cagk-ID-1;267140_cagk-ID-1
569,244416_nmdanet-ID-1,Other,4,244416_nmdanet-ID-1;267599_nmdanet-ID-2;267599_nmdanet-ID-1;267140_nmdanet-ID-1
570,267599_nap-ID-2,Other,3,267599_nap-ID-2;267599_nap-ID-1;267140_nap-ID-1
571,267599_CurrentClamp-ID-1,Other,3,267599_CurrentClamp-ID-1;267599_CurrentClamp-ID-2;267140_CurrentClamp-ID-1
572,267599_na3-ID-1,Other,3,267599_na3-ID-1;267599_na3-ID-2;267140_na3-ID-1
573,267599_h-ID-1,Other,3,267599_h-ID-1;267599_h-ID-2;267140_h-ID-1
574,267599_kaprox-ID-1,Other,3,267599_kaprox-ID-1;267599_kaprox-ID-2;267140_kaprox-ID-1
575,267599_na3notrunk-ID-1,Other,3,267599_na3notrunk-ID-1;267599_na3notrunk-ID-2;267140_na3notrunk-ID-1
576,267599_na3dend-ID-2,Other,3,267599_na3dend-ID-2;267599_na3dend-ID-1;267140_na3dend-ID-1
577,267599_Nav16_a-ID-2,Other,3,267599_Nav16_a-ID-2;267599_Nav16_a-ID-1;267140_Nav16_a-ID-1
578,267599_kd-ID-1,Other,3,267599_kd-ID-1;267599_kd-ID-2;267140_kd-ID-1
579,267140_cal4-ID-1,Other,1,267140_cal4-ID-1
580,267599_Kv2like-ID-2,Other,3,267599_Kv2like-ID-2;267599_Kv2like-ID-1;267140_Kv2like-ID-1
581,83547_stim-ID-1,Other,9,83547_stim-ID-1;84612_stim-ID-2;84612_stim-ID-1;127507_stim-ID-1;244416_stim2-ID-1;267357_stim-ID-1;267599_stim2-ID-2;267599_stim2-ID-1;267140_stim2-ID-1
582,267599_kadist-ID-2,Other,3,267599_kadist-ID-2;267599_kadist-ID-1;267140_kadist-ID-1
583,244416_kcasimple-ID-1,Other,5,244416_kcasimple-ID-1;267298_kcasimple-ID-1;267599_kcasimple-ID-1;267599_kcasimple-ID-2;267140_kcasimple-ID-1
584,44050_exp2i-ID-1,Other,6,44050_exp2i-ID-1;97874_exp2i-ID-1;244416_exp2i-ID-1;267599_exp2i-ID-2;267599_exp2i-ID-1;267140_exp2i-ID-1
585,267599_cal-ID-2,Other,3,267599_cal-ID-2;267599_cal-ID-1;267140_cal-ID-1
586,2001735_Llva-ID-1,Other,1,2001735_Llva-ID-1
587,2001735_NafIs-ID-1,Other,1,2001735_NafIs-ID-1
588,2001735_NafSm-ID-1,Other,1,2001735_NafSm-ID-1
589,2001735_KdrSm-ID-1,Other,1,2001735_KdrSm-ID-1
590,2001735_CaSm2-ID-1,Other,1,2001735_CaSm2-ID-1
591,2001735_NapIs-ID-1,Other,1,2001735_NapIs-ID-1
592,2001735_KdrIs-ID-1,Other,1,2001735_KdrIs-ID-1
593,20007_KctBG99-ID-1,Other,1,20007_KctBG99-ID-1
595,20007_caM95-ID-1,Other,1,20007_caM95-ID-1
606,244688_kca-ID-1,Other,7,244688_kca-ID-1;257027_kca-ID-1;267066_kca-ID-1;267686_kca-ID-1;267742_kca-ID-1;266901_kca-ID-1;267307_kca-ID-1
607,240960_vecevent-ID-1,Other,65,240960_vecevent-ID-1;234233_vecevent-ID-1;253369_vecevent-ID-11;253369_vecevent-ID-4;253369_vecevent-ID-7;253369_vecevent-ID-3;253369_vecevent-ID-5;253369_vecevent-ID-10;253369_vecevent-ID-2;253369_vecevent-ID-12;253369_vecevent-ID-13;251493_vecevent-ID-1;253369_vecevent-ID-14;253369_vecevent-ID-1;253369_vecevent-ID-8;253369_vecevent-ID-9;253369_vecevent-ID-6;266775_vecevent-ID-1;265523_vecevent-ID-7;265523_vecevent-ID-6;261460_vecevent-ID-1;266811_vecevent-ID-1;265523_vecevent-ID-5;265523_vecevent-ID-3;265523_vecevent-ID-10;265523_vecevent-ID-9;265523_vecevent-ID-1;265523_vecevent-ID-2;265523_vecevent-ID-4;265523_vecevent-ID-8;266823_vecevent-ID-12;266823_vecevent-ID-13;267142_vecevent-ID-12;266823_vecevent-ID-2;266823_vecevent-ID-6;266823_vecevent-ID-19;266823_vecevent-ID-4;267142_vecevent-ID-10;267142_vecevent-ID-4;266823_vecevent-ID-18;266823_vecevent-ID-9;266823_vecevent-ID-15;266823_vecevent-ID-16;266823_vecevent-ID-11;267142_vecevent-ID-6;267142_vecevent-ID-8;267142_vecevent-ID-11;267142_vecevent-ID-9;266823_vecevent-ID-14;267142_vecevent-ID-1;266823_vecevent-ID-7;267142_vecevent-ID-7;266823_vecevent-ID-8;267142_vecevent-ID-5;266823_vecevent-ID-1;267142_vecevent-ID-3;266823_vecevent-ID-5;267142_vecevent-ID-2;266823_vecevent-ID-10;266823_vecevent-ID-17;266823_vecevent-ID-3;267551_vecevent-ID-1;267056_vecevent-ID-1;267742_vecevent-ID-1;267686_vecevent-ID-1
609,267742_NMDA_CA1_pyr_SC-ID-1,Other,2,267742_NMDA_CA1_pyr_SC-ID-1;266901_NMDA_CA1_pyr_SC-ID-1
612,137259_cacumm-ID-1,Other,8,137259_cacumm-ID-1;244688_cacumm-ID-1;245417_cacumm-ID-1;257027_cacumm-ID-1;267066_cacumm-ID-1;267742_cacum-ID-1;267686_cacumm-ID-1;266901_cacum-ID-1
613,267742_na3-ID-1,Other,1,267742_na3-ID-1
614,244688_h-ID-1,Other,7,244688_h-ID-1;257027_h-ID-1;267066_h-ID-1;267742_h-ID-1;267686_h-ID-1;266901_h-ID-1;267307_h-ID-1
615,244688_kmb-ID-1,Other,8,244688_kmb-ID-1;245417_kmb-ID-1;257027_kmb-ID-1;267617_kmb-ID-1;267742_kmb-ID-1;267686_kmb-ID-1;267307_kmb-ID-1;266901_kmb-ID-1
617,222726_dv-ID-1,Other,1,222726_dv-ID-1
618,222726_nmda-ID-1,Other,1,222726_nmda-ID-1
619,222726_vmax-ID-1,Other,1,222726_vmax-ID-1
620,222726_vmax2-ID-1,Other,1,222726_vmax2-ID-1
623,222726_vmaxlast-ID-1,Other,1,222726_vmaxlast-ID-1
624,136309_gap-ID-1,Other,1,136309_gap-ID-1
625,136309_extrema-ID-1,Other,1,136309_extrema-ID-1
629,136309_pas_chand-ID-1,Other,1,136309_pas_chand-ID-1
631,136309_pas_basket-ID-1,Other,1,136309_pas_basket-ID-1
634,3343_kleak-ID-1,Other,6,3343_kleak-ID-1;37819_kleak-ID-1;116862_kleak-ID-1;19176_kleak-ID-1;117459_kleak-ID-1;234233_kleak-ID-1
636,19176_cAMPclamp-ID-1,Other,1,19176_cAMPclamp-ID-1
640,83344_epsp-ID-1,Other,41,83344_epsp-ID-1;108459_epsp-ID-1;125385_epsp-ID-1;138321_epsp-ID-1;151825_epsp-ID-1;180373_epsp-ID-1;180373_epsp-ID-2;156780_epsp-ID-1;169457_epsp-ID-1;187615_epsp-ID-2;187615_epsp-ID-1;224923_epsp-ID-1;187474_epsp-ID-1;187474_epsp-ID-2;237469_epsp-ID-1;249463_epsp-ID-2;249463_epsp-ID-1;260971_epsp-ID-4;260971_epsp-ID-2;260971_epsp-ID-5;260971_epsp-ID-1;260971_epsp-ID-3;260971_epsp-ID-6;239145_epsp-ID-1;266851_epsp-ID-1;267293_epsp-ID-1;267293_epsp-ID-2;267595_epsp-ID-1;267587_epsp-ID-3;267587_epsp-ID-10;267587_epsp-ID-2;267587_epsp-ID-1;267587_epsp-ID-9;267587_epsp-ID-12;267587_epsp-ID-6;249705_epsp-ID-1;267587_epsp-ID-5;267587_epsp-ID-4;267587_epsp-ID-7;267587_epsp-ID-8;267587_epsp-ID-11
641,169457_SK_E2-ID-1,Other,9,169457_SK_E2-ID-1;187615_SK_E2-ID-1;187474_SK_E2-ID-2;237469_SK_E2-ID-2;187474_SK_E2-ID-3;237469_SK_E2-ID-1;187474_SK_E2-ID-1;249463_SK_E2-ID-1;267293_SK_E2-ID-1
647,169457_CaDynamics_E2-ID-1,Other,9,169457_CaDynamics_E2-ID-1;187615_CaDynamics_E2-ID-1;187474_CaDynamics_E2-ID-2;187474_CaDynamics_E2-ID-3;237469_CaDynamics_E2-ID-2;187474_CaDynamics_E2-ID-1;237469_CaDynamics_E2-ID-1;249463_CaDynamics_E2-ID-1;267293_CaDynamics_E2-ID-1
650,237469_ProbAMPANMDA2groupdet-ID-1,Other,1,237469_ProbAMPANMDA2groupdet-ID-1
651,237469_ProbAMPANMDA2group-ID-1,Other,1,237469_ProbAMPANMDA2group-ID-1
652,237469_ProbUDFsyn2-ID-1,Other,2,237469_ProbUDFsyn2-ID-1;260971_ProbUDFsyn2-ID-1
653,237469_ProbUDFsyn2groupdet-ID-1,Other,2,237469_ProbUDFsyn2groupdet-ID-1;260971_ProbUDFsyn2groupdet-ID-1
654,237469_ProbAMPANMDA2-ID-1,Other,1,237469_ProbAMPANMDA2-ID-1
655,237469_ProbUDFsyn2group-ID-1,Other,2,237469_ProbUDFsyn2group-ID-1;260971_ProbUDFsyn2group-ID-1
657,144372_cad-ID-1,Other,26,144372_cad-ID-1;141273_cad-ID-1;144526_Cad-ID-1;147514_cad-ID-1;146026_cad-ID-1;223955_Cad-ID-8;223955_Cad-ID-7;223955_Cad-ID-6;223955_Cad-ID-4;223955_Cad-ID-1;223955_Cad-ID-3;223955_Cad-ID-17;223955_Cad-ID-9;223955_Cad-ID-18;223955_Cad-ID-11;223955_Cad-ID-12;223955_Cad-ID-13;223955_Cad-ID-14;223955_Cad-ID-16;223955_Cad-ID-10;223955_Cad-ID-2;223955_Cad-ID-20;223955_Cad-ID-19;223955_Cad-ID-5;223955_Cad-ID-15;225075_cad-ID-1
658,144372_Kdr-ID-1,Other,1,144372_Kdr-ID-1
659,144372_NaP-ID-1,Other,1,144372_NaP-ID-1
660,144372_cacum-ID-1,Other,2,144372_cacum-ID-1;144490_cacum-ID-1
661,144372_H-ID-1,Other,1,144372_H-ID-1
663,144372_Ks-ID-1,Other,1,144372_Ks-ID-1
664,144372_KA-ID-1,Other,1,144372_KA-ID-1
665,157339_ltpltd-ID-1,Other,2,157339_ltpltd-ID-1;257027_ltpltd-ID-1
666,245415_gap2-ID-1,Other,1,245415_gap2-ID-1
667,245415_nap-ID-1,Other,1,245415_nap-ID-1
668,245415_k-ID-1,Other,1,245415_k-ID-1
669,245415_nat-ID-1,Other,1,245415_nat-ID-1
670,114637_iA-ID-1,Other,1,114637_iA-ID-1
673,114637_VectorSynNS-ID-1,Other,1,114637_VectorSynNS-ID-1
678,144523_CaConc-ID-1,Other,4,144523_CaConc-ID-1;150024_CaConc-ID-1;185513_CaConc-ID-1;267189_CaConc-ID-1
680,144523_CalConc-ID-1,Other,4,144523_CalConc-ID-1;150024_CalConc-ID-1;185513_CalConc-ID-1;267189_CalConc-ID-1
681,144523_pasDCN-ID-1,Other,4,144523_pasDCN-ID-1;150024_pasDCN-ID-1;185513_pasDCN-ID-1;267189_pasDCN-ID-1
685,144523_DCNsynNMDA-ID-1,Other,4,144523_DCNsynNMDA-ID-1;150024_DCNsynNMDA-ID-1;185513_DCNsynNMDA-ID-1;267189_DCNsynNMDA-ID-1
688,144523_DCNsynGABA-ID-1,Other,3,144523_DCNsynGABA-ID-1;150024_DCNsynGABA-ID-1;267189_DCNsynGABA-ID-1
689,144523_GammaStim-ID-1,Other,4,144523_GammaStim-ID-1;150024_GammaStim-ID-1;185513_GammaStim-ID-1;267189_GammaStim-ID-1
690,144523_DCNsyn-ID-1,Other,4,144523_DCNsyn-ID-1;150024_DCNsyn-ID-1;185513_DCNsyn-ID-1;267189_DCNsyn-ID-1
693,151482_gap-ID-1,Other,2,151482_gap-ID-1;229750_gap-ID-1
697,229750_net_hh_wbsh-ID-1,Other,1,229750_net_hh_wbsh-ID-1
712,17664_CalciumP-ID-1,Other,2,17664_CalciumP-ID-1;149000_CalciumP-ID-1
713,17664_Leak-ID-1,Other,5,17664_Leak-ID-1;126637_Leak-ID-1;149000_Leak-ID-1;155735_Leak-ID-1;206364_Leak-ID-1
718,149000_pj-ID-1,Other,1,149000_pj-ID-1
721,236310_linearIclamp-ID-1,Other,1,236310_linearIclamp-ID-1
722,236310_cat-ID-1,Other,1,236310_cat-ID-1
723,236310_bkkca-ID-1,Other,1,236310_bkkca-ID-1
725,236310_car-ID-1,Other,1,236310_car-ID-1
726,236310_caldyn-ID-1,Other,1,236310_caldyn-ID-1
727,236310_kdr-ID-1,Other,1,236310_kdr-ID-1
728,236310_naf-ID-1,Other,1,236310_naf-ID-1
729,236310_nap-ID-1,Other,1,236310_nap-ID-1
730,236310_caL13-ID-1,Other,1,236310_caL13-ID-1
731,236310_can-ID-1,Other,1,236310_can-ID-1
732,236310_skkca-ID-1,Other,1,236310_skkca-ID-1
733,236310_kaf-ID-1,Other,1,236310_kaf-ID-1
734,236310_kas-ID-1,Other,1,236310_kas-ID-1
735,236310_caL-ID-1,Other,1,236310_caL-ID-1
736,112834_cadyn-ID-1,Other,2,112834_cadyn-ID-1;236310_cadyn-ID-1
737,7907_kca-ID-2,Other,2,7907_kca-ID-2;7907_kca-ID-1
739,7907_kvz_nature-ID-1,Other,6,7907_kvz_nature-ID-1;144553_kvz_nature-ID-1;168858_kvz_nature-ID-3;168858_kvz_nature-ID-4;168858_kvz_nature-ID-1;168858_kvz_nature-ID-2
740,7907_cad-ID-1,Other,2,7907_cad-ID-1;7907_cad-ID-2
744,7907_childa-ID-1,Other,4,7907_childa-ID-1;7907_childa-ID-2;125385_childa-ID-1;138321_childa-ID-1
745,7907_kaprox-ID-1,Other,1,7907_kaprox-ID-1
746,7907_peak-ID-1,Other,1,7907_peak-ID-1
747,7907_kadist-ID-1,Other,1,7907_kadist-ID-1
748,7907_kvd-ID-1,Other,1,7907_kvd-ID-1
749,7907_nad-ID-1,Other,1,7907_nad-ID-1
751,7907_peak-ID-2,Other,5,7907_peak-ID-2;168858_peak-ID-4;168858_peak-ID-3;168858_peak-ID-1;168858_peak-ID-2
753,183718_innp-ID-2,Other,2,183718_innp-ID-2;183718_innp-ID-1
754,183718_BSKCch-ID-1,Other,1,183718_BSKCch-ID-1
755,183718_izhcur-ID-1,Other,1,183718_izhcur-ID-1
756,151731_fzap-ID-1,Other,4,151731_fzap-ID-1;190559_fzap-ID-1;267189_fzap-ID-1;267189_fzap-ID-2
757,190559_distr2-ID-1,Other,1,190559_distr2-ID-1
758,151731_xtrau-ID-1,Other,5,151731_xtrau-ID-1;190559_xtrau-ID-1;267189_xtrau-ID-1;267189_xtrau-ID-2;267189_xtrau-ID-3
765,119266_cad-ID-1,Other,1,119266_cad-ID-1
772,119266_cadN-ID-1,Other,1,119266_cadN-ID-1
773,119266_cadL-ID-1,Other,1,119266_cadL-ID-1
777,28316_IAprox-ID-1,Other,1,28316_IAprox-ID-1
783,28316_ampa-ID-1,Other,1,28316_ampa-ID-1
786,28316_pregen-ID-1,Other,1,28316_pregen-ID-1
787,262373_coggan_ngv_new_ModelDB-ID-1,Other,1,262373_coggan_ngv_new_ModelDB-ID-1
788,262373_coggan_keller_jolivet_orig_Modeldb-ID-1,Other,1,262373_coggan_keller_jolivet_orig_Modeldb-ID-1
789,206252_fuscurr-ID-1,Other,1,206252_fuscurr-ID-1
792,266851_CaT-ID-2,Other,3,266851_CaT-ID-2;266851_CaT-ID-1;249705_CaT-ID-1
793,266851_h_migliore-ID-5,Other,3,266851_h_migliore-ID-5;266851_h_migliore-ID-4;249705_h_migliore-ID-1
794,266851_NMDA-ID-1,Other,3,266851_NMDA-ID-1;266851_NMDA-ID-2;249705_NMDA-ID-1
796,266851_Cad-ID-2,Other,3,266851_Cad-ID-2;266851_Cad-ID-1;249705_Cad-ID-1
797,195615_h_kole-ID-1,Other,8,195615_h_kole-ID-1;266851_h_kole-ID-4;266851_h_kole-ID-2;266851_h_kole-ID-3;266851_h_kole-ID-1;260015_h_kole-ID-1;267511_h_kole-ID-1;249705_h_kole-ID-1
799,249705_na-ID-1,Other,1,249705_na-ID-1
800,184725_glutamate-ID-1,Other,4,184725_glutamate-ID-1;266851_glutamate-ID-2;266851_glutamate-ID-1;249705_glutamate-ID-1
801,117207_vmax-ID-1,Other,4,117207_vmax-ID-1;266851_vmax-ID-2;266851_vmax-ID-1;249705_vmax-ID-1
804,266851_ampa-ID-1,Other,3,266851_ampa-ID-1;266851_ampa-ID-2;249705_ampa-ID-1
806,266851_NMDAeee-ID-2,Other,3,266851_NMDAeee-ID-2;266851_NMDAeee-ID-1;249705_NMDAeee-ID-1
810,195615_kBK-ID-1,Other,8,195615_kBK-ID-1;266851_kBK-ID-4;266851_kBK-ID-1;266851_kBK-ID-2;266851_kBK-ID-3;260015_kBK-ID-1;267511_kBK-ID-1;249705_kBK-ID-1
811,266851_kadist-ID-1,Other,4,266851_kadist-ID-1;266851_kadist-ID-3;266851_kadist-ID-2;249705_kadist-ID-1
812,266851_NMDAmajor-ID-1,Other,2,266851_NMDAmajor-ID-1;249705_NMDAmajor-ID-1
813,117207_PlateauConductance-ID-1,Other,4,117207_PlateauConductance-ID-1;266851_PlateauConductance-ID-2;266851_PlateauConductance-ID-1;249705_PlateauConductance-ID-1
814,139653_CaDynamics_E2-ID-1,Other,79,139653_CaDynamics_E2-ID-1;149100_CaDynamics_E2-ID-1;180373_CaDynamics_E2-ID-2;156780_CaDynamics_E2-ID-1;180373_CaDynamics_E2-ID-1;225311_CaDynamics_E2-ID-1;229276_CaDynamics_E2-ID-1;231427_CaDynamics_E2-ID-1;224923_CaDynamics_E2-ID-1;230326_CaDynamics_E2-ID-1;241165_CaDynamics_E2-ID-4;241165_CaDynamics_E2-ID-12;241165_CaDynamics_E2-ID-10;241165_CaDynamics_E2-ID-19;241165_CaDynamics_E2-ID-17;241165_CaDynamics_E2-ID-5;241165_CaDynamics_E2-ID-26;241165_CaDynamics_E2-ID-6;241165_CaDynamics_E2-ID-15;241165_CaDynamics_E2-ID-22;241165_CaDynamics_E2-ID-1;241165_CaDynamics_E2-ID-21;241165_CaDynamics_E2-ID-18;241165_CaDynamics_E2-ID-2;241165_CaDynamics_E2-ID-8;241165_CaDynamics_E2-ID-16;241165_CaDynamics_E2-ID-9;241165_CaDynamics_E2-ID-7;241165_CaDynamics_E2-ID-24;241165_CaDynamics_E2-ID-11;241165_CaDynamics_E2-ID-20;241165_CaDynamics_E2-ID-14;241165_CaDynamics_E2-ID-23;241165_CaDynamics_E2-ID-25;241165_CaDynamics_E2-ID-3;241165_CaDynamics_E2-ID-13;251493_CaDynamics_E2-ID-1;260971_CaDynamics_E2-ID-1;260971_CaDynamics_E2-ID-3;260971_CaDynamics_E2-ID-2;261460_CaDynamics_E2-ID-1;239145_CaDynamics_E2-ID-1;260971_CaDynamics_E2-ID-4;260971_CaDynamics_E2-ID-6;260971_CaDynamics_E2-ID-5;266984_CaDynamics_E2-ID-1;267067_CaDynamics_E2-ID-1;266851_CaDynamics_E2-ID-1;266851_CaDynamics_E2-ID-2;266851_CaDynamics_E2-ID-3;267691_CaDynamics_E2-ID-26;267691_CaDynamics_E2-ID-20;267691_CaDynamics_E2-ID-14;267691_CaDynamics_E2-ID-21;267691_CaDynamics_E2-ID-4;267691_CaDynamics_E2-ID-8;267691_CaDynamics_E2-ID-23;267691_CaDynamics_E2-ID-16;267691_CaDynamics_E2-ID-17;267691_CaDynamics_E2-ID-19;267691_CaDynamics_E2-ID-3;267691_CaDynamics_E2-ID-11;267691_CaDynamics_E2-ID-18;267384_CaDynamics_E2-ID-1;267691_CaDynamics_E2-ID-24;267691_CaDynamics_E2-ID-10;267691_CaDynamics_E2-ID-15;267691_CaDynamics_E2-ID-5;267691_CaDynamics_E2-ID-25;267691_CaDynamics_E2-ID-12;267691_CaDynamics_E2-ID-9;267691_CaDynamics_E2-ID-22;267691_CaDynamics_E2-ID-6;267691_CaDynamics_E2-ID-7;267691_CaDynamics_E2-ID-13;267691_CaDynamics_E2-ID-2;267691_CaDynamics_E2-ID-1;249705_CaDynamics_E2-ID-1;267511_CaDynamics_E2-ID-1
815,266851_Ih-ID-3,Other,3,266851_Ih-ID-3;266851_Ih-ID-2;249705_Ih-ID-1
816,180373_NaTs2_t-ID-2,Other,76,180373_NaTs2_t-ID-2;156780_NaTs2_t-ID-1;180373_NaTs2_t-ID-1;169457_NaTs2_t-ID-1;230326_NaTs2_t-ID-1;187615_NaTs2_t-ID-1;231427_NaTs2_t-ID-1;224923_NaTs2_t-ID-1;229276_NaTs2_t-ID-1;241165_NaTs2_t-ID-4;241165_NaTs2_t-ID-7;241165_NaTs2_t-ID-17;241165_NaTs2_t-ID-23;241165_NaTs2_t-ID-14;241165_NaTs2_t-ID-22;241165_NaTs2_t-ID-5;241165_NaTs2_t-ID-24;241165_NaTs2_t-ID-1;241165_NaTs2_t-ID-15;241165_NaTs2_t-ID-16;241165_NaTs2_t-ID-19;241165_NaTs2_t-ID-2;241165_NaTs2_t-ID-8;241165_NaTs2_t-ID-10;241165_NaTs2_t-ID-21;241165_NaTs2_t-ID-6;241165_NaTs2_t-ID-9;241165_NaTs2_t-ID-3;241165_NaTs2_t-ID-25;241165_NaTs2_t-ID-18;241165_NaTs2_t-ID-12;241165_NaTs2_t-ID-11;241165_NaTs2_t-ID-13;241165_NaTs2_t-ID-20;251493_NaTs2_t-ID-1;260971_NaTs2_t-ID-2;260971_NaTs2_t-ID-6;260971_NaTs2_t-ID-5;260971_NaTs2_t-ID-1;239145_NaTs2_t-ID-1;260971_NaTs2_t-ID-3;261460_NaTs2_t-ID-1;260971_NaTs2_t-ID-4;267067_NaTs2_t-ID-2;266851_NaTs2_t-ID-1;267067_NaTs2_t-ID-1;266984_NaTs2_t-ID-1;267691_NaTs2_t-ID-3;267691_NaTs2_t-ID-10;267384_NaTs2_t-ID-1;267691_NaTs2_t-ID-21;267293_NaTs2_t-ID-1;267691_NaTs2_t-ID-13;267691_NaTs2_t-ID-23;267691_NaTs2_t-ID-5;267691_NaTs2_t-ID-25;267691_NaTs2_t-ID-11;267691_NaTs2_t-ID-4;267691_NaTs2_t-ID-9;267691_NaTs2_t-ID-22;267691_NaTs2_t-ID-6;267691_NaTs2_t-ID-17;267691_NaTs2_t-ID-19;267691_NaTs2_t-ID-2;267691_NaTs2_t-ID-7;267691_NaTs2_t-ID-16;267691_NaTs2_t-ID-8;267691_NaTs2_t-ID-20;267691_NaTs2_t-ID-15;267691_NaTs2_t-ID-18;267691_NaTs2_t-ID-24;267691_NaTs2_t-ID-14;267691_NaTs2_t-ID-1;267691_NaTs2_t-ID-12;267511_NaTs2_t-ID-1;249705_NaTs2_t-ID-1
818,249705_SKv3_1-ID-2,Other,1,249705_SKv3_1-ID-2
819,249705_Ca_LVAst-ID-2,Other,1,249705_Ca_LVAst-ID-2
820,249705_CaT-ID-2,Other,1,249705_CaT-ID-2
821,249705_h_migliore-ID-2,Other,1,249705_h_migliore-ID-2
822,249705_NMDA-ID-2,Other,1,249705_NMDA-ID-2
823,249705_epsp-ID-2,Other,1,249705_epsp-ID-2
824,249705_SK_E2-ID-2,Other,1,249705_SK_E2-ID-2
825,249705_Cad-ID-2,Other,1,249705_Cad-ID-2
826,249705_h_kole-ID-2,Other,1,249705_h_kole-ID-2
827,249705_Nap_Et2-ID-2,Other,1,249705_Nap_Et2-ID-2
828,249705_na-ID-2,Other,1,249705_na-ID-2
829,249705_glutamate-ID-2,Other,1,249705_glutamate-ID-2
830,249705_vmax-ID-2,Other,1,249705_vmax-ID-2
831,249705_ca-ID-2,Other,1,249705_ca-ID-2
832,249705_NaTa_t-ID-2,Other,1,249705_NaTa_t-ID-2
833,249705_Ca_HVA-ID-2,Other,1,249705_Ca_HVA-ID-2
834,249705_kaprox-ID-2,Other,1,249705_kaprox-ID-2
835,249705_vecstim-ID-2,Other,1,249705_vecstim-ID-2
836,249705_ampa-ID-2,Other,1,249705_ampa-ID-2
837,249705_gabab-ID-2,Other,1,249705_gabab-ID-2
838,249705_K_Tst-ID-2,Other,1,249705_K_Tst-ID-2
839,249705_NMDAeee-ID-2,Other,1,249705_NMDAeee-ID-2
840,249705_gabaa-ID-2,Other,1,249705_gabaa-ID-2
841,249705_IL-ID-2,Other,1,249705_IL-ID-2
842,249705_Im-ID-2,Other,1,249705_Im-ID-2
843,249705_kv-ID-2,Other,1,249705_kv-ID-2
844,249705_kBK-ID-2,Other,1,249705_kBK-ID-2
845,249705_kadist-ID-2,Other,1,249705_kadist-ID-2
846,249705_NMDAmajor-ID-2,Other,1,249705_NMDAmajor-ID-2
847,249705_PlateauConductance-ID-2,Other,1,249705_PlateauConductance-ID-2
848,249705_CaDynamics_E2-ID-2,Other,1,249705_CaDynamics_E2-ID-2
849,249705_Ih-ID-2,Other,1,249705_Ih-ID-2
850,249705_NaTs2_t-ID-2,Other,1,249705_NaTs2_t-ID-2
851,249705_K_Pst-ID-2,Other,1,249705_K_Pst-ID-2
852,267298_km-ID-1,Other,1,267298_km-ID-1
853,267298_na3n-ID-1,Other,1,267298_na3n-ID-1
854,112546_cacumm-ID-1,Other,8,112546_cacumm-ID-1;101629_cacumm-ID-1;118986_cacumm-ID-1;126814_cacumm-ID-1;144392_cacumm-ID-1;181967_cacumm-ID-1;223649_cacumm-ID-1;267298_cacumm-ID-1
855,267298_kir-ID-1,Other,1,267298_kir-ID-1
856,267298_h-ID-1,Other,1,267298_h-ID-1
857,267298_kaprox-ID-1,Other,1,267298_kaprox-ID-1
858,267298_kdrca1-ID-1,Other,1,267298_kdrca1-ID-1
859,137259_exp2nmdar-ID-1,Other,2,137259_exp2nmdar-ID-1;267298_exp2nmdar-ID-1
862,267298_ExpAmpar-ID-1,Other,1,267298_ExpAmpar-ID-1
863,244687_can2hem-ID-1,Other,1,244687_can2hem-ID-1
864,244687_step_release-ID-1,Other,1,244687_step_release-ID-1
865,244687_cadifusnpumpOGBendodif-ID-1,Other,1,244687_cadifusnpumpOGBendodif-ID-1
866,244687_cathem-ID-1,Other,1,244687_cathem-ID-1
868,244687_constant-ID-1,Other,2,244687_constant-ID-1;267221_constant-ID-1
869,244687_ampa5-ID-1,Other,1,244687_ampa5-ID-1
870,244687_nmda5-ID-1,Other,1,244687_nmda5-ID-1
871,262389_Synapse-ID-1,Other,2,262389_Synapse-ID-1;267391_Synapse-ID-1
872,262389_HzCellICa-ID-1,Other,1,262389_HzCellICa-ID-1
873,262389_ConeIKv-ID-1,Other,1,262389_ConeIKv-ID-1
874,262389_ConeIh-ID-1,Other,1,262389_ConeIh-ID-1
875,262389_ConeCPR-ID-1,Other,1,262389_ConeCPR-ID-1
876,262389_HzCellINa-ID-1,Other,1,262389_HzCellINa-ID-1
877,262389_HzCellLeak-ID-1,Other,1,262389_HzCellLeak-ID-1
878,262389_HzCellIA-ID-1,Other,1,262389_HzCellIA-ID-1
879,262389_GapPC-ID-1,Other,1,262389_GapPC-ID-1
880,262389_PRInput-ID-1,Other,1,262389_PRInput-ID-1
881,262389_HzCellIKv-ID-1,Other,1,262389_HzCellIKv-ID-1
882,262389_HzCellIKa-ID-1,Other,1,262389_HzCellIKa-ID-1
883,260653_Xtra-ID-1,Other,9,260653_Xtra-ID-1;147460_xtra-ID-2;147460_xtra-ID-1;182134_xtra-ID-1;230861_xtra-ID-1;262389_Xtra-ID-1;244599_xtra-ID-1;262046_xtra-ID-1;267618_Xtra-ID-1
884,84612_nmdasyn-ID-1,Other,2,84612_nmdasyn-ID-1;112359_nmdasyn-ID-1
885,84612_hh3-ID-2,Other,3,84612_hh3-ID-2;84612_hh3-ID-1;112359_hh3-ID-1
887,84612_cachan-ID-2,Other,2,84612_cachan-ID-2;84612_cachan-ID-1
888,84612_capump-ID-1,Other,4,84612_capump-ID-1;84612_capump-ID-2;112359_capump-ID-1;185330_capump-ID-1
889,84612_leak-ID-2,Other,3,84612_leak-ID-2;84612_leak-ID-1;112359_leak-ID-1
890,84612_pump-ID-2,Other,3,84612_pump-ID-2;84612_pump-ID-1;112359_pump-ID-1
891,84612_ampasyn-ID-1,Other,2,84612_ampasyn-ID-1;112359_ampasyn-ID-1
892,84612_nabalan-ID-2,Other,3,84612_nabalan-ID-2;84612_nabalan-ID-1;112359_nabalan-ID-1
893,84612_cabalan-ID-1,Other,3,84612_cabalan-ID-1;84612_cabalan-ID-2;112359_cabalan-ID-1
894,84612_nmdaL-ID-1,Other,1,84612_nmdaL-ID-1
895,84612_ampa-ID-1,Other,1,84612_ampa-ID-1
896,189154_stats-ID-1,Other,1,189154_stats-ID-1
897,189154_h_winograd-ID-1,Other,1,189154_h_winograd-ID-1
900,185858_mglur-ID-1,Other,2,185858_mglur-ID-1;189154_mglur-ID-1
901,185858_IC-ID-1,Other,2,185858_IC-ID-1;189154_IC-ID-1
903,189154_vecst-ID-1,Other,2,189154_vecst-ID-1;185858_vecst-ID-1
904,185858_kcalts-ID-1,Other,2,185858_kcalts-ID-1;189154_kcalts-ID-1
906,189154_cagk-ID-1,Other,5,189154_cagk-ID-1;266851_cagk-ID-2;266851_cagk-ID-1;260015_cagk-ID-1;267511_cagk-ID-1
907,150245_misc-ID-1,Other,3,150245_misc-ID-1;189154_misc-ID-1;195615_misc-ID-1
908,189154_ihlts-ID-1,Other,2,189154_ihlts-ID-1;185858_ihlts-ID-1
909,189154_MyExp2SynNMDABB-ID-1,Other,2,189154_MyExp2SynNMDABB-ID-1;185858_MyExp2SynNMDABB-ID-1
910,139421_MyExp2SynBB-ID-1,Other,12,139421_MyExp2SynBB-ID-1;151282_MyExp2SynBB-ID-1;186768_MyExp2SynBB-ID-1;185858_MyExp2SynBB-ID-1;189154_MyExp2SynBB-ID-1;258738_MyExp2SynBB-ID-1;266851_MyExp2SynBB-ID-4;266851_MyExp2SynBB-ID-1;266851_MyExp2SynBB-ID-3;266851_MyExp2SynBB-ID-2;260015_MyExp2SynBB-ID-1;267511_MyExp2SynBB-ID-1
911,189154_gabab-ID-1,Other,1,189154_gabab-ID-1
912,189154_calts-ID-1,Other,2,189154_calts-ID-1;185858_calts-ID-1
915,189154_icalts-ID-1,Other,2,189154_icalts-ID-1;185858_icalts-ID-1
917,189154_HCN1-ID-1,Other,5,189154_HCN1-ID-1;266851_HCN1-ID-1;266851_HCN1-ID-2;260015_HCN1-ID-1;267511_HCN1-ID-1
924,120910_leakdend-ID-1,Other,1,120910_leakdend-ID-1
928,3454_trigstim-ID-1,Other,2,3454_trigstim-ID-1;139657_trigstim-ID-1
932,139657_mhh_Gfluct-ID-1,Other,1,139657_mhh_Gfluct-ID-1
934,102288_cad-ID-1,Other,2,102288_cad-ID-1;182797_cad-ID-1
941,102288_Ipassaxon-ID-1,Other,2,102288_Ipassaxon-ID-1;182797_Ipassaxon-ID-1
950,102288_Ipasssd-ID-1,Other,2,102288_Ipasssd-ID-1;182797_Ipasssd-ID-1
953,267066_na3n-ID-1,Other,1,267066_na3n-ID-1
954,244688_kdb-ID-1,Other,3,244688_kdb-ID-1;267066_kdb-ID-1;267686_kdb-ID-1
955,267066_naxn-ID-1,Other,1,267066_naxn-ID-1
956,267066_kaprox-ID-1,Other,1,267066_kaprox-ID-1
957,267066_kdrca1-ID-1,Other,1,267066_kdrca1-ID-1
958,267066_kmb-ID-1,Other,1,267066_kmb-ID-1
959,244688_kdrbca1-ID-1,Other,2,244688_kdrbca1-ID-1;267066_kdrbca1-ID-1
960,267066_kdbm-ID-1,Other,1,267066_kdbm-ID-1
961,267066_h_pas-ID-1,Other,1,267066_h_pas-ID-1
962,267066_kadist-ID-1,Other,1,267066_kadist-ID-1
963,147218_pf-ID-1,Other,1,147218_pf-ID-1
964,147218_calcium-ID-1,Other,1,147218_calcium-ID-1
966,147218_stellat_phasic-ID-1,Other,1,147218_stellat_phasic-ID-1
967,147218_cf-ID-1,Other,1,147218_cf-ID-1
971,147218_leak-ID-1,Other,1,147218_leak-ID-1
972,147218_stellat-ID-1,Other,1,147218_stellat-ID-1
973,147218_pf_phasic-ID-1,Other,1,147218_pf_phasic-ID-1
975,97860_CaHandler2-ID-1,Other,1,97860_CaHandler2-ID-1
978,97860_kir2_dop-ID-1,Other,1,97860_kir2_dop-ID-1
980,97860_kcnq_hh-ID-1,Other,1,97860_kcnq_hh-ID-1
981,97860_leak_dop-ID-1,Other,1,97860_leak_dop-ID-1
983,97860_CaDiffuse3-ID-1,Other,1,97860_CaDiffuse3-ID-1
984,97860_CaDiffuse2-ID-1,Other,1,97860_CaDiffuse2-ID-1
986,97860_cal_dop-ID-1,Other,1,97860_cal_dop-ID-1
987,97860_vramp-ID-1,Other,1,97860_vramp-ID-1
989,97860_cap_dop-ID-1,Other,1,97860_cap_dop-ID-1
995,123897_cad-ID-1,Other,5,123897_cad-ID-1;114359_cad-ID-1;237594_cad-ID-1;206398_cad-ID-1;241160_cad-ID-1
999,241160_naShu-ID-1,Other,1,241160_naShu-ID-1
1000,241160_ipulse1-ID-1,Other,1,241160_ipulse1-ID-1
1001,123897_gabaa-ID-1,Other,4,123897_gabaa-ID-1;153196_gabaa-ID-1;237594_gabaa-ID-1;241160_gabaa-ID-1
1003,241160_kvShu-ID-1,Other,1,241160_kvShu-ID-1
1004,244412_cat-ID-1,Other,1,244412_cat-ID-1
1005,244412_cad-ID-1,Other,1,244412_cad-ID-1
1006,244412_cagk-ID-1,Other,1,244412_cagk-ID-1
1007,244412_Wghkampa_preML-ID-1,Other,1,244412_Wghkampa_preML-ID-1
1008,244412_ghknmda-ID-1,Other,1,244412_ghknmda-ID-1
1009,244412_RM_eCB-ID-1,Other,1,244412_RM_eCB-ID-1
1010,244412_BDNF-ID-1,Other,1,244412_BDNF-ID-1
1013,168310_ikscr-ID-1,Other,7,168310_ikscr-ID-1;246546_ikscr-ID-1;237595_ikscr-ID-1;237595_ikscr-ID-2;256311_ikscr-ID-1;260015_ikscr-ID-1;267511_ikscr-ID-1
1014,246546_IA-ID-1,Other,2,246546_IA-ID-1;256311_IA-ID-1
1015,20212_cad-ID-1,Other,5,20212_cad-ID-1;123815_cad-ID-1;144089_cad-ID-1;246546_cad-ID-1;256311_cad-ID-1
1016,246546_burststim2-ID-1,Other,2,246546_burststim2-ID-1;256311_burststim2-ID-1
1017,246546_ichan2vip-ID-1,Other,2,246546_ichan2vip-ID-1;256311_ichan2vip-ID-1
1018,168310_iccr-ID-1,Other,7,168310_iccr-ID-1;237595_iccr-ID-2;246546_iccr-ID-1;237595_iccr-ID-1;256311_iccr-ID-1;260015_iccr-ID-1;267511_iccr-ID-1
1019,246546_Kaxon-ID-1,Other,2,246546_Kaxon-ID-1;256311_Kaxon-ID-1
1020,246546_ichan2-ID-1,Other,2,246546_ichan2-ID-1;256311_ichan2-ID-1
1021,246546_Kdend-ID-1,Other,2,246546_Kdend-ID-1;256311_Kdend-ID-1
1022,246546_ichan2aa-ID-1,Other,2,246546_ichan2aa-ID-1;256311_ichan2aa-ID-1
1023,246546_regn_stim-ID-1,Other,2,246546_regn_stim-ID-1;256311_regn_stim-ID-1
1024,246546_hha2-ID-1,Other,2,246546_hha2-ID-1;256311_hha2-ID-1
1025,246546_my_exp2syn-ID-1,Other,3,246546_my_exp2syn-ID-1;256311_my_exp2syn-ID-1;260015_my_exp2syn-ID-1
1027,246546_ichan2bc-ID-1,Other,2,246546_ichan2bc-ID-1;256311_ichan2bc-ID-1
1029,246546_Ihvip-ID-1,Other,2,246546_Ihvip-ID-1;256311_Ihvip-ID-1
1030,168310_kdrcr-ID-1,Other,7,168310_kdrcr-ID-1;237595_kdrcr-ID-1;246546_kdrcr-ID-1;237595_kdrcr-ID-2;256311_kdrcr-ID-1;260015_kdrcr-ID-1;267511_kdrcr-ID-1
1031,246546_ichan2bs-ID-1,Other,2,246546_ichan2bs-ID-1;256311_ichan2bs-ID-1
1032,246546_Ksoma-ID-1,Other,2,246546_Ksoma-ID-1;256311_Ksoma-ID-1
1035,168310_kadistcr-ID-1,Other,5,168310_kadistcr-ID-1;237595_kadistcr-ID-1;237595_kadistcr-ID-2;246546_kadistcr-ID-1;256311_kadistcr-ID-1
1036,168310_cadyn-ID-1,Other,11,168310_cadyn-ID-1;237595_cadyn-ID-2;237595_cadyn-ID-1;246546_cadyn-ID-1;256311_cadyn-ID-1;266851_cadyn-ID-4;266851_cadyn-ID-3;266851_cadyn-ID-1;266851_cadyn-ID-2;260015_cadyn-ID-1;267511_cadyn-ID-1
1037,239421_PC_Gaba_det_vi_alfa1-ID-1,Other,1,239421_PC_Gaba_det_vi_alfa1-ID-1
1038,229585_cdp5-ID-1,Other,3,229585_cdp5-ID-1;239421_cdp5-ID-1;267189_cdp5-ID-1
1039,229585_Kv15-ID-1,Other,7,229585_Kv15-ID-1;239421_Kv15-ID-1;265584_Kv15-ID-1;265584_Kv15-ID-2;265584_Kv15-ID-3;265584_Kv15-ID-4;267189_Kv15-ID-1
1040,229585_HCN1_Angeloetal2007-ID-1,Other,3,229585_HCN1_Angeloetal2007-ID-1;239421_HCN1_Angeloetal2007-ID-1;267189_HCN1_Angeloetal2007-ID-1
1042,239421_UBC_TRP-ID-1,Other,1,239421_UBC_TRP-ID-1
1043,239421_PURKINJE_Ampa_det_vi-ID-1,Other,1,239421_PURKINJE_Ampa_det_vi-ID-1
1048,124513_inhsyn-ID-1,Other,1,124513_inhsyn-ID-1
1050,8284_ppsyn-ID-1,Other,2,8284_ppsyn-ID-1;124513_ppsyn-ID-1
1054,121253_train-ID-1,Other,1,121253_train-ID-1
1055,121253_kdifl-ID-1,Other,1,121253_kdifl-ID-1
1057,121253_Nakpump-ID-1,Other,1,121253_Nakpump-ID-1
1058,121253_kdifrl-ID-1,Other,1,121253_kdifrl-ID-1
1063,135839_ih-ID-1,Other,1,135839_ih-ID-1
1064,239177_gap-ID-1,Other,2,239177_gap-ID-1;259366_gap-ID-1
1065,259366_sinIstim-ID-1,Other,1,259366_sinIstim-ID-1
1066,259366_type21v02-ID-1,Other,1,259366_type21v02-ID-1
1067,259366_sinGstim-ID-1,Other,1,259366_sinGstim-ID-1
1068,239177_innp-ID-1,Other,2,239177_innp-ID-1;259366_innp-ID-1
1069,254217_myAMPA-ID-1,Other,1,254217_myAMPA-ID-1
1070,254217_mySyn-ID-1,Other,1,254217_mySyn-ID-1
1071,254217_myGABA-ID-1,Other,1,254217_myGABA-ID-1
1072,254217_Traub-ID-1,Other,1,254217_Traub-ID-1
1073,254217_dCaAP-ID-1,Other,1,254217_dCaAP-ID-1
1074,254217_myNMDA-ID-1,Other,1,254217_myNMDA-ID-1
1076,182988_ou-ID-1,Other,12,182988_ou-ID-1;266850_ou-ID-1;267661_ou-ID-7;267661_ou-ID-8;267661_ou-ID-3;267661_ou-ID-5;267661_ou-ID-10;267661_ou-ID-2;267661_ou-ID-4;267661_ou-ID-9;267661_ou-ID-6;267661_ou-ID-1
1078,182988_trpm8-ID-1,Other,1,182988_trpm8-ID-1
1080,6763_pump-ID-1,Other,1,6763_pump-ID-1
1081,6763_nadifl-ID-1,Other,1,6763_nadifl-ID-1
1082,6763_mystim-ID-1,Other,1,6763_mystim-ID-1
1083,6763_inmda-ID-1,Other,1,6763_inmda-ID-1
1087,37857_leak-ID-1,Other,2,37857_leak-ID-1;87454_leak-ID-1
1089,138379_stats-ID-1,Other,1,138379_stats-ID-1
1090,105507_nstim-ID-1,Other,12,105507_nstim-ID-1;116838_nstim-ID-1;106891_nstim-ID-1;140881_nstim-ID-1;138379_nstim-ID-1;144538_nstim-ID-1;141505_nstim-ID-1;147141_nstim-ID-1;150245_nstim-ID-1;146949_nstim-ID-1;154096_nstim-ID-1;183014_nstim-ID-1
1091,138379_vecst-ID-1,Other,3,138379_vecst-ID-1;150245_vecst-ID-1;146949_vecst-ID-1
1092,140881_misc-ID-1,Other,3,140881_misc-ID-1;138379_misc-ID-1;141505_misc-ID-1
1093,138379_intf6_-ID-1,Other,1,138379_intf6_-ID-1
1096,82784_kdyn-ID-1,Other,1,82784_kdyn-ID-1
1097,82784_nmda-ID-1,Other,1,82784_nmda-ID-1
1101,82784_gaba-ID-1,Other,1,82784_gaba-ID-1
1105,82784_ampa-ID-1,Other,1,82784_ampa-ID-1
1108,82784_nmdacons-ID-1,Other,1,82784_nmdacons-ID-1
1110,82784_cadyn-ID-1,Other,1,82784_cadyn-ID-1
1111,168858_max-ID-1,Other,1,168858_max-ID-1
1113,168858_shunt-ID-1,Other,1,168858_shunt-ID-1
1116,20756_cad-ID-1,Other,3,20756_cad-ID-1;168858_cad-ID-1;184497_cad-ID-1
1117,144553_vsource-ID-1,Other,8,144553_vsource-ID-1;168414_vsource-ID-1;168858_vsource-ID-4;168858_vsource-ID-3;168858_vsource-ID-2;168858_vsource-ID-1;184497_vsource-ID-1;267056_vsource-ID-1
1118,168858_Voffset-ID-1,Other,1,168858_Voffset-ID-1
1120,168858_skahp-ID-1,Other,1,168858_skahp-ID-1
1121,168858_origlen-ID-4,Other,4,168858_origlen-ID-4;168858_origlen-ID-3;168858_origlen-ID-2;168858_origlen-ID-1
1125,168858_pass_wRel-ID-1,Other,1,168858_pass_wRel-ID-1
1127,168858_mar-ID-1,Other,1,168858_mar-ID-1
1130,168858_kc-ID-1,Other,1,168858_kc-ID-1
1131,168858_max-ID-4,Other,3,168858_max-ID-4;168858_max-ID-3;168858_max-ID-2
1132,262115_corrgen8-ID-1,Other,1,262115_corrgen8-ID-1
1133,262115_multiGABAa-ID-1,Other,1,262115_multiGABAa-ID-1
1134,262115_multiAMPA-ID-1,Other,1,262115_multiAMPA-ID-1
1135,262115_INa_traub_shifted-ID-1,Other,1,262115_INa_traub_shifted-ID-1
1136,262115_multiNMDA-ID-1,Other,1,262115_multiNMDA-ID-1
1137,262115_IKd_traub-ID-1,Other,1,262115_IKd_traub-ID-1
1138,262115_IM_zach-ID-1,Other,1,262115_IM_zach-ID-1
1139,150691_halfgapspk-ID-1,Other,1,150691_halfgapspk-ID-1
1140,150691_is-ID-1,Other,1,150691_is-ID-1
1142,150691_halfgapm1-ID-1,Other,1,150691_halfgapm1-ID-1
1143,150691_nacum-ID-1,Other,1,150691_nacum-ID-1
1144,150691_nipace-ID-1,Other,1,150691_nipace-ID-1
1145,150691_kcum-ID-1,Other,1,150691_kcum-ID-1
1146,150691_cadynam-ID-1,Other,1,150691_cadynam-ID-1
1150,150239_gclamp-ID-1,Other,3,150239_gclamp-ID-1;266797_gclamp-ID-2;266797_gclamp-ID-1
1151,150239_nax-ID-1,Other,4,150239_nax-ID-1;222359_nax-ID-1;266797_nax-ID-1;266797_nax-ID-2
1152,150239_exp2synNMDA-ID-1,Other,3,150239_exp2synNMDA-ID-1;266797_exp2synNMDA-ID-2;266797_exp2synNMDA-ID-1
1157,241169_LGMD_Ih-ID-1,Other,1,241169_LGMD_Ih-ID-1
1158,241169_chirp-ID-1,Other,1,241169_chirp-ID-1
1159,241169_LGMD_IM-ID-1,Other,1,241169_LGMD_IM-ID-1
1160,241169_LGMD_NaP-ID-1,Other,1,241169_LGMD_NaP-ID-1
1161,241169_LGMD_KD-ID-1,Other,1,241169_LGMD_KD-ID-1
1162,241169_sEPSP-ID-1,Other,2,241169_sEPSP-ID-1;256024_sEPSP-ID-1
1163,241169_LGMD_CaIn-ID-1,Other,1,241169_LGMD_CaIn-ID-1
1164,241169_LGMD_CaS-ID-1,Other,1,241169_LGMD_CaS-ID-1
1165,241169_LGMD_KCa-ID-1,Other,1,241169_LGMD_KCa-ID-1
1166,241169_LGMD_CaT-ID-1,Other,1,241169_LGMD_CaT-ID-1
1167,241169_LGMD_HH_Kdr-ID-1,Other,1,241169_LGMD_HH_Kdr-ID-1
1168,241169_LGMD_Na-ID-1,Other,1,241169_LGMD_Na-ID-1
1171,53876_ca_dist-ID-1,Other,1,53876_ca_dist-ID-1
1172,53876_nmda-ID-1,Other,1,53876_nmda-ID-1
1175,53876_ca_prox-ID-1,Other,1,53876_ca_prox-ID-1
1184,53876_clleak-ID-1,Other,1,53876_clleak-ID-1
1185,53876_ca_soma-ID-1,Other,1,53876_ca_soma-ID-1
1187,53876_ca_soma_cylind_shells-ID-1,Other,1,53876_ca_soma_cylind_shells-ID-1
1188,53876_ca_soma_const_delta_thick_shells-ID-1,Other,1,53876_ca_soma_const_delta_thick_shells-ID-1
1193,195569_kcl-ID-1,Other,1,195569_kcl-ID-1
1194,237728_nmdaSyn-ID-1,Other,1,237728_nmdaSyn-ID-1
1195,187610_dists-ID-1,Other,3,187610_dists-ID-1;258867_dists-ID-1;237728_dists-ID-1
1196,187610_syns-ID-1,Other,3,187610_syns-ID-1;258867_syns-ID-1;237728_syns-ID-1
1197,187610_id-ID-1,Other,3,187610_id-ID-1;237728_id-ID-1;258867_id-ID-1
1198,237728_gScale-ID-1,Other,1,237728_gScale-ID-1
1199,187610_eff-ID-1,Other,3,187610_eff-ID-1;258867_eff-ID-1;237728_eff-ID-1
1201,184054_kad-ID-1,Other,4,184054_kad-ID-1;187610_kad-ID-1;237728_kad-ID-1;258867_kad-ID-1
1202,229276_ProbAMPANMDA_EMS-ID-1,Other,4,229276_ProbAMPANMDA_EMS-ID-1;241165_ProbAMPANMDA_EMS-ID-26;267067_ProbAMPANMDA_EMS-ID-1;267691_ProbAMPANMDA_EMS-ID-26
1203,229276_Ca_HVA-ID-1,Other,45,229276_Ca_HVA-ID-1;241165_Ca_HVA-ID-7;241165_Ca_HVA-ID-12;241165_Ca_HVA-ID-13;241165_Ca_HVA-ID-6;241165_Ca_HVA-ID-1;241165_Ca_HVA-ID-2;241165_Ca_HVA-ID-11;241165_Ca_HVA-ID-15;241165_Ca_HVA-ID-3;241165_Ca_HVA-ID-4;241165_Ca_HVA-ID-8;241165_Ca_HVA-ID-16;241165_Ca_HVA-ID-5;241165_Ca_HVA-ID-14;241165_Ca_HVA-ID-10;241165_Ca_HVA-ID-9;264834_Ca_HVA-ID-1;260971_Ca_HVA-ID-4;261460_Ca_HVA-ID-1;260971_Ca_HVA-ID-1;260971_Ca_HVA-ID-3;260971_Ca_HVA-ID-2;260971_Ca_HVA-ID-6;260971_Ca_HVA-ID-5;267067_Ca_HVA-ID-1;267067_Ca_HVA-ID-2;267691_Ca_HVA-ID-1;267691_Ca_HVA-ID-12;267691_Ca_HVA-ID-10;267691_Ca_HVA-ID-13;267691_Ca_HVA-ID-6;267691_Ca_HVA-ID-14;267691_Ca_HVA-ID-7;267691_Ca_HVA-ID-2;267691_Ca_HVA-ID-4;267691_Ca_HVA-ID-5;267691_Ca_HVA-ID-15;267691_Ca_HVA-ID-16;267691_Ca_HVA-ID-11;267384_Ca_HVA-ID-1;267691_Ca_HVA-ID-8;267691_Ca_HVA-ID-9;267691_Ca_HVA-ID-3;267511_Ca_HVA-ID-1
1204,229276_ProbGABAAB_EMS-ID-1,Other,3,229276_ProbGABAAB_EMS-ID-1;241165_ProbGABAAB_EMS-ID-26;267067_ProbGABAAB_EMS-ID-1
1205,229276_STDP_triplet-ID-1,Other,1,229276_STDP_triplet-ID-1
1211,266989_TC_HH-ID-1,Other,1,266989_TC_HH-ID-1
1212,266989_TC_iL-ID-1,Other,1,266989_TC_iL-ID-1
1213,266989_SK_E2-ID-1,Other,1,266989_SK_E2-ID-1
1214,266989_cacc-ID-1,Other,1,266989_cacc-ID-1
1215,266989_TC_Ih_Bud97-ID-1,Other,1,266989_TC_Ih_Bud97-ID-1
1216,266989_TC_ITGHK_Des98-ID-1,Other,1,266989_TC_ITGHK_Des98-ID-1
1217,266989_TC_cadecay-ID-1,Other,1,266989_TC_cadecay-ID-1
1218,266989_TC_HHna16-ID-1,Other,1,266989_TC_HHna16-ID-1
1219,266989_iM-ID-1,Other,1,266989_iM-ID-1
1220,266989_TC_iA-ID-1,Other,1,266989_TC_iA-ID-1
1221,267067_na16-ID-1,Other,1,267067_na16-ID-1
1222,267067_na12_mut-ID-1,Other,1,267067_na12_mut-ID-1
1223,267067_na12-ID-1,Other,1,267067_na12-ID-1
1224,230137_vclmp_pl-ID-1,Other,5,230137_vclmp_pl-ID-1;257747_vclmp_pl-ID-1;261714_vclmp_pl-ID-1;267067_vclmp_pl-ID-2;267067_vclmp_pl-ID-1
1225,267067_branching-ID-2,Other,2,267067_branching-ID-2;267067_branching-ID-1
1226,223955_nax8st-ID-17,Other,13,223955_nax8st-ID-17;223955_nax8st-ID-1;223955_nax8st-ID-12;223955_nax8st-ID-7;223955_nax8st-ID-21;223955_nax8st-ID-9;223955_nax8st-ID-11;223955_nax8st-ID-18;223955_nax8st-ID-20;223955_nax8st-ID-15;223955_nax8st-ID-14;267067_nax8st-ID-1;267067_nax8st-ID-2
1227,267067_na1216_mut-ID-1,Other,2,267067_na1216_mut-ID-1;267067_na1216_mut-ID-2
1229,267067_na1216-ID-2,Other,2,267067_na1216-ID-2;267067_na1216-ID-1
1230,267067_na16-ID-2,Other,1,267067_na16-ID-2
1231,267067_na12_mut-ID-2,Other,1,267067_na12_mut-ID-2
1232,241165_ProbAMPANMDA_EMS-ID-11,Other,56,241165_ProbAMPANMDA_EMS-ID-11;241165_ProbAMPANMDA_EMS-ID-1;241165_ProbAMPANMDA_EMS-ID-2;241165_ProbAMPANMDA_EMS-ID-22;241165_ProbAMPANMDA_EMS-ID-25;241165_ProbAMPANMDA_EMS-ID-18;241165_ProbAMPANMDA_EMS-ID-4;241165_ProbAMPANMDA_EMS-ID-7;241165_ProbAMPANMDA_EMS-ID-16;241165_ProbAMPANMDA_EMS-ID-23;241165_ProbAMPANMDA_EMS-ID-15;241165_ProbAMPANMDA_EMS-ID-12;241165_ProbAMPANMDA_EMS-ID-10;241165_ProbAMPANMDA_EMS-ID-9;241165_ProbAMPANMDA_EMS-ID-20;241165_ProbAMPANMDA_EMS-ID-14;241165_ProbAMPANMDA_EMS-ID-13;241165_ProbAMPANMDA_EMS-ID-5;241165_ProbAMPANMDA_EMS-ID-6;241165_ProbAMPANMDA_EMS-ID-24;241165_ProbAMPANMDA_EMS-ID-3;241165_ProbAMPANMDA_EMS-ID-17;241165_ProbAMPANMDA_EMS-ID-8;241165_ProbAMPANMDA_EMS-ID-19;241165_ProbAMPANMDA_EMS-ID-21;260971_ProbAMPANMDA_EMS-ID-6;260971_ProbAMPANMDA_EMS-ID-3;260971_ProbAMPANMDA_EMS-ID-4;260971_ProbAMPANMDA_EMS-ID-2;260971_ProbAMPANMDA_EMS-ID-5;267067_ProbAMPANMDA_EMS-ID-2;267691_ProbAMPANMDA_EMS-ID-11;267691_ProbAMPANMDA_EMS-ID-22;267691_ProbAMPANMDA_EMS-ID-24;267691_ProbAMPANMDA_EMS-ID-13;267691_ProbAMPANMDA_EMS-ID-3;267691_ProbAMPANMDA_EMS-ID-12;267691_ProbAMPANMDA_EMS-ID-17;267691_ProbAMPANMDA_EMS-ID-20;267691_ProbAMPANMDA_EMS-ID-23;267691_ProbAMPANMDA_EMS-ID-1;267691_ProbAMPANMDA_EMS-ID-8;267691_ProbAMPANMDA_EMS-ID-6;267691_ProbAMPANMDA_EMS-ID-2;267691_ProbAMPANMDA_EMS-ID-7;267691_ProbAMPANMDA_EMS-ID-18;267691_ProbAMPANMDA_EMS-ID-10;267691_ProbAMPANMDA_EMS-ID-16;267691_ProbAMPANMDA_EMS-ID-25;267691_ProbAMPANMDA_EMS-ID-9;267691_ProbAMPANMDA_EMS-ID-15;267691_ProbAMPANMDA_EMS-ID-4;267691_ProbAMPANMDA_EMS-ID-14;267691_ProbAMPANMDA_EMS-ID-19;267691_ProbAMPANMDA_EMS-ID-21;267691_ProbAMPANMDA_EMS-ID-5
1233,267067_na12-ID-2,Other,1,267067_na12-ID-2
1234,241165_ProbGABAAB_EMS-ID-8,Other,56,241165_ProbGABAAB_EMS-ID-8;241165_ProbGABAAB_EMS-ID-16;241165_ProbGABAAB_EMS-ID-1;241165_ProbGABAAB_EMS-ID-15;241165_ProbGABAAB_EMS-ID-13;241165_ProbGABAAB_EMS-ID-6;241165_ProbGABAAB_EMS-ID-23;241165_ProbGABAAB_EMS-ID-4;241165_ProbGABAAB_EMS-ID-2;241165_ProbGABAAB_EMS-ID-11;241165_ProbGABAAB_EMS-ID-22;241165_ProbGABAAB_EMS-ID-9;241165_ProbGABAAB_EMS-ID-12;241165_ProbGABAAB_EMS-ID-21;241165_ProbGABAAB_EMS-ID-20;241165_ProbGABAAB_EMS-ID-3;241165_ProbGABAAB_EMS-ID-5;241165_ProbGABAAB_EMS-ID-24;241165_ProbGABAAB_EMS-ID-25;241165_ProbGABAAB_EMS-ID-10;241165_ProbGABAAB_EMS-ID-19;241165_ProbGABAAB_EMS-ID-18;241165_ProbGABAAB_EMS-ID-14;241165_ProbGABAAB_EMS-ID-17;241165_ProbGABAAB_EMS-ID-7;260971_ProbGABAAB_EMS-ID-2;260971_ProbGABAAB_EMS-ID-6;260971_ProbGABAAB_EMS-ID-3;260971_ProbGABAAB_EMS-ID-5;260971_ProbGABAAB_EMS-ID-4;267067_ProbGABAAB_EMS-ID-2;267691_ProbGABAAB_EMS-ID-14;267691_ProbGABAAB_EMS-ID-5;267691_ProbGABAAB_EMS-ID-21;267691_ProbGABAAB_EMS-ID-11;267691_ProbGABAAB_EMS-ID-4;267691_ProbGABAAB_EMS-ID-23;267691_ProbGABAAB_EMS-ID-25;267691_ProbGABAAB_EMS-ID-1;267691_ProbGABAAB_EMS-ID-19;267691_ProbGABAAB_EMS-ID-7;267691_ProbGABAAB_EMS-ID-18;267691_ProbGABAAB_EMS-ID-3;267691_ProbGABAAB_EMS-ID-12;267691_ProbGABAAB_EMS-ID-8;267691_ProbGABAAB_EMS-ID-6;267691_ProbGABAAB_EMS-ID-22;267691_ProbGABAAB_EMS-ID-16;267691_ProbGABAAB_EMS-ID-2;267691_ProbGABAAB_EMS-ID-9;267691_ProbGABAAB_EMS-ID-10;267691_ProbGABAAB_EMS-ID-20;267691_ProbGABAAB_EMS-ID-17;267691_ProbGABAAB_EMS-ID-13;267691_ProbGABAAB_EMS-ID-24;267691_ProbGABAAB_EMS-ID-15
1235,267067_CaDynamics_E2-ID-2,Other,1,267067_CaDynamics_E2-ID-2
1236,246546_cadyn_new-ID-1,Other,1,246546_cadyn_new-ID-1
1238,127021_K_conc-ID-1,Other,2,127021_K_conc-ID-1;139656_K_conc-ID-1
1240,139656_gap-ID-1,Other,1,139656_gap-ID-1
1244,112685_Golgi_CALC-ID-1,Other,3,112685_Golgi_CALC-ID-1;127021_Golgi_CALC-ID-1;139656_Golgi_CALC-ID-1
1247,112685_Golgi_lkg-ID-1,Other,3,112685_Golgi_lkg-ID-1;127021_Golgi_lkg-ID-1;139656_Golgi_lkg-ID-1
1251,127021_Na_conc-ID-1,Other,2,127021_Na_conc-ID-1;139656_Na_conc-ID-1
1253,112685_Golgi_CALC_ca2-ID-1,Other,3,112685_Golgi_CALC_ca2-ID-1;127021_Golgi_CALC_ca2-ID-1;139656_Golgi_CALC_ca2-ID-1
1257,116835_GRC_LKG2-ID-1,Other,5,116835_GRC_LKG2-ID-1;139883_GRC_LKG2-ID-1;139656_GRC_LKG2-ID-1;206267_GRC_LKG2-ID-1;267189_GRC_LKG2-ID-1
1260,116835_GRC_LKG1-ID-1,Other,5,116835_GRC_LKG1-ID-1;139656_GRC_LKG1-ID-1;139883_GRC_LKG1-ID-1;206267_GRC_LKG1-ID-1;267189_GRC_LKG1-ID-1
1261,116835_GRC_CALC-ID-1,Other,5,116835_GRC_CALC-ID-1;139656_GRC_CALC-ID-1;139883_GRC_CALC-ID-1;206267_GRC_CALC-ID-1;267189_GRC_CALC-ID-1
1268,144450_nmda-ID-1,Other,2,144450_nmda-ID-1;206244_nmda-ID-1
1270,144450_cad-ID-1,Other,1,144450_cad-ID-1
1272,144450_ican-ID-1,Other,1,144450_ican-ID-1
1276,144450_netstimmm-ID-1,Other,2,144450_netstimmm-ID-1;147757_netstimmm-ID-1
1279,144450_ampa-ID-1,Other,2,144450_ampa-ID-1;206244_ampa-ID-1
1280,144450_gabab-ID-1,Other,1,144450_gabab-ID-1
1281,144401_ipulse1-ID-1,Other,4,144401_ipulse1-ID-1;144450_ipulse1-ID-1;150446_ipulse1-ID-1;225086_ipulse1-ID-1
1282,87284_ipulse2-ID-1,Other,3,87284_ipulse2-ID-1;140462_ipulse2-ID-1;144450_ipulse2-ID-1
1283,144450_NMDAb-ID-1,Other,1,144450_NMDAb-ID-1
1289,151126_cad-ID-1,Other,2,151126_cad-ID-1;256388_cad-ID-1
1290,151126_burststim2-ID-1,Other,2,151126_burststim2-ID-1;256388_burststim2-ID-1
1292,151126_STDPE2Syn2-ID-1,Other,2,151126_STDPE2Syn2-ID-1;256388_STDPE2Syn2-ID-1
1295,256388_cagk-ID-1,Other,1,256388_cagk-ID-1
1296,151126_nmdanet-ID-1,Other,2,151126_nmdanet-ID-1;256388_nmdanet-ID-1
1297,151126_regn_stim-ID-1,Other,2,151126_regn_stim-ID-1;256388_regn_stim-ID-1
1306,185330_hh3-ID-1,Other,1,185330_hh3-ID-1
1307,185330_kca-ID-1,Other,1,185330_kca-ID-1
1308,126640_netstimd-ID-1,Other,2,126640_netstimd-ID-1;185330_netstimd-ID-1
1309,185330_newleak-ID-1,Other,1,185330_newleak-ID-1
1310,185330_cachan-ID-1,Other,1,185330_cachan-ID-1
1312,112359_dop-ID-1,Other,2,112359_dop-ID-1;185330_dop-ID-1
1313,127507_pump-ID-1,Other,2,127507_pump-ID-1;185330_pump-ID-1
1314,185330_nabalan-ID-1,Other,1,185330_nabalan-ID-1
1315,127507_cabal-ID-1,Other,4,127507_cabal-ID-1;185330_cabal-ID-1;235320_cabal-ID-1;244599_cabal-ID-1
1321,64229_Gfluct2-ID-1,Other,3,64229_Gfluct2-ID-1;149174_Gfluct2-ID-1;223962_Gfluct-ID-1
1323,128559_NMDA_DynSyn-ID-1,Other,3,128559_NMDA_DynSyn-ID-1;168414_NMDA_DynSyn-ID-1;267056_NMDA_DynSyn-ID-1
1324,151482_borgka-ID-1,Other,2,151482_borgka-ID-1;267056_borgka-ID-1
1326,128559_AMPA_DynSyn-ID-1,Other,3,128559_AMPA_DynSyn-ID-1;168414_AMPA_DynSyn-ID-1;267056_AMPA_DynSyn-ID-1
1328,168414_KDR-ID-1,Other,2,168414_KDR-ID-1;267056_KDR-ID-1
1329,128559_GABAa_DynSyn-ID-1,Other,3,128559_GABAa_DynSyn-ID-1;168414_GABAa_DynSyn-ID-1;267056_GABAa_DynSyn-ID-1
1330,267056_KDRI-ID-1,Other,1,267056_KDRI-ID-1
1331,168414_Glycine_DynSyn-ID-1,Other,2,168414_Glycine_DynSyn-ID-1;267056_Glycine_DynSyn-ID-1
1332,128559_GABAb_DynSyn-ID-1,Other,3,128559_GABAb_DynSyn-ID-1;168414_GABAb_DynSyn-ID-1;267056_GABAb_DynSyn-ID-1
1333,128559_NK1_DynSyn-ID-1,Other,3,128559_NK1_DynSyn-ID-1;168414_NK1_DynSyn-ID-1;267056_NK1_DynSyn-ID-1
1334,267056_B_DR-ID-1,Other,1,267056_B_DR-ID-1
1337,128559_iCaAN-ID-1,Other,4,128559_iCaAN-ID-1;168414_iCaAN-ID-1;151949_iCaAN-ID-1;267056_iCaAN-ID-1
1338,147461_CaIntraCellDyn-ID-1,Other,2,147461_CaIntraCellDyn-ID-1;267056_CaIntraCellDyn-ID-1
1339,267056_B_A-ID-1,Other,1,267056_B_A-ID-1
1340,267056_B_NA-ID-1,Other,1,267056_B_NA-ID-1
1341,168414_SS-ID-1,Other,2,168414_SS-ID-1;267056_SS-ID-1
1342,2730_flushf-ID-1,Other,4,2730_flushf-ID-1;64261_flushf-ID-1;64229_flushf-ID-1;116094_flushf-ID-1
1347,2730_nmdanet-ID-1,Other,6,2730_nmdanet-ID-1;64229_nmdanet-ID-1;116094_nmdanet-ID-1;149739_nmdanet-ID-1;183300_nmdanet-ID-1;232097_nmdanet-ID-1
1348,2733_cadecay-ID-1,Other,4,2733_cadecay-ID-1;2487_cadecay-ID-1;2730_cadecay-ID-1;64229_cadecay-ID-1
1353,238332_syn_nmda-ID-1,Other,1,238332_syn_nmda-ID-1
1354,238332_dIN_ca-ID-1,Other,1,238332_dIN_ca-ID-1
1355,238332_dIN_kFast-ID-1,Other,1,238332_dIN_kFast-ID-1
1356,238332_dIN_na-ID-1,Other,1,238332_dIN_na-ID-1
1357,238332_syn_ampa-ID-1,Other,1,238332_syn_ampa-ID-1
1358,238332_dIN_kSlow-ID-1,Other,1,238332_dIN_kSlow-ID-1
1359,244688_na3n-ID-1,Other,2,244688_na3n-ID-1;267686_na3n-ID-1
1360,244688_cacummb-ID-1,Other,1,244688_cacummb-ID-1
1361,244688_naxn-ID-1,Other,4,244688_naxn-ID-1;257027_naxn-ID-1;267686_naxn-ID-1;266901_naxn-ID-1
1362,153280_MyExp2Sid-ID-1,Other,1,153280_MyExp2Sid-ID-1
1363,153280_MyExp2Sidnw-ID-1,Other,2,153280_MyExp2Sidnw-ID-1;187604_MyExp2Sidnw-ID-1
1365,153280_mynetstim-ID-1,Other,2,153280_mynetstim-ID-1;187604_mynetstim-ID-1
1367,153280_ch_NavPVBC-ID-1,Other,1,153280_ch_NavPVBC-ID-1
1369,153280_iconc_CaZ-ID-1,Other,1,153280_iconc_CaZ-ID-1
1372,153280_iconc_Ca-ID-1,Other,1,153280_iconc_Ca-ID-1
1373,153280_repeatconn-ID-1,Other,1,153280_repeatconn-ID-1
1375,153280_ch_leak-ID-1,Other,1,153280_ch_leak-ID-1
1384,256140_Purk_gK-ID-1,Other,1,256140_Purk_gK-ID-1
1385,256140_Purk_gNa-ID-1,Other,1,256140_Purk_gNa-ID-1
1386,256140_Purk_lkg-ID-1,Other,1,256140_Purk_lkg-ID-1
1387,256140_Purk_gM-ID-1,Other,1,256140_Purk_gM-ID-1
1388,256140_Purk_gCa-ID-1,Other,1,256140_Purk_gCa-ID-1
1393,113997_pasi-ID-1,Other,2,113997_pasi-ID-1;144376_pasi-ID-1
1394,113997_Cadynamics-ID-1,Other,2,113997_Cadynamics-ID-1;144376_Cadynamics-ID-1
1395,144376_APCounter2-ID-1,Other,2,144376_APCounter2-ID-1;113997_APCounter2-ID-1
1396,144376_ipulse3-ID-1,Other,2,144376_ipulse3-ID-1;113997_ipulse3-ID-1
1397,144376_Ih-ID-1,Other,2,144376_Ih-ID-1;113997_Ih-ID-1
1398,185355_netstim125-ID-1,Other,1,185355_netstim125-ID-1
1399,185355_SK-ID-1,Other,1,185355_SK-ID-1
1401,185355_netstimbox-ID-1,Other,1,185355_netstimbox-ID-1
1404,185355_BK-ID-1,Other,1,185355_BK-ID-1
1409,266775_kir_ms-ID-1,Other,1,266775_kir_ms-ID-1
1410,266775_caq_ms-ID-2,Other,2,266775_caq_ms-ID-2;266775_caq_ms-ID-1
1411,266775_kaf_ms-ID-1,Other,1,266775_kaf_ms-ID-1
1412,266775_caldyn_ms-ID-1,Other,2,266775_caldyn_ms-ID-1;266775_caldyn_ms-ID-2
1413,266775_cal13_ms-ID-1,Other,1,266775_cal13_ms-ID-1
1414,266775_cat33_ms-ID-1,Other,2,266775_cat33_ms-ID-1;266775_cat33_ms-ID-2
1415,266775_bk_ms-ID-1,Other,2,266775_bk_ms-ID-1;266775_bk_ms-ID-2
1416,266775_cadyn_ms-ID-2,Other,2,266775_cadyn_ms-ID-2;266775_cadyn_ms-ID-1
1417,266775_car_ms-ID-1,Other,1,266775_car_ms-ID-1
1418,266775_sk_ms-ID-1,Other,2,266775_sk_ms-ID-1;266775_sk_ms-ID-2
1419,266775_kas_ms-ID-1,Other,1,266775_kas_ms-ID-1
1420,266775_cal12_ms-ID-1,Other,1,266775_cal12_ms-ID-1
1421,266775_kdr_ms-ID-1,Other,2,266775_kdr_ms-ID-1;266775_kdr_ms-ID-2
1422,266775_Im-ID-1,Other,2,266775_Im-ID-1;266775_Im-ID-2
1423,266775_naf_ms-ID-1,Other,1,266775_naf_ms-ID-1
1424,266775_can_ms-ID-1,Other,1,266775_can_ms-ID-1
1425,266775_cat32_ms-ID-2,Other,2,266775_cat32_ms-ID-2;266775_cat32_ms-ID-1
1426,266775_kir_ms-ID-2,Other,1,266775_kir_ms-ID-2
1427,266775_kaf_ms-ID-2,Other,1,266775_kaf_ms-ID-2
1428,266775_cal13_ms-ID-2,Other,1,266775_cal13_ms-ID-2
1429,266775_car_ms-ID-2,Other,1,266775_car_ms-ID-2
1430,266775_kas_ms-ID-2,Other,1,266775_kas_ms-ID-2
1431,266775_cal12_ms-ID-2,Other,1,266775_cal12_ms-ID-2
1432,266775_naf_ms-ID-2,Other,1,266775_naf_ms-ID-2
1433,266775_can_ms-ID-2,Other,1,266775_can_ms-ID-2
1434,266775_sk-ID-1,Other,1,266775_sk-ID-1
1435,266775_cav33-ID-1,Other,1,266775_cav33-ID-1
1436,266775_cav32-ID-1,Other,1,266775_cav32-ID-1
1437,266775_car-ID-1,Other,1,266775_car-ID-1
1438,266775_glutamate-ID-1,Other,1,266775_glutamate-ID-1
1439,266775_kir-ID-1,Other,1,266775_kir-ID-1
1440,266775_gaba-ID-1,Other,1,266775_gaba-ID-1
1441,266775_naf-ID-1,Other,1,266775_naf-ID-1
1442,266775_cal12-ID-1,Other,1,266775_cal12-ID-1
1443,266775_cal13-ID-1,Other,1,266775_cal13-ID-1
1444,266775_can-ID-1,Other,1,266775_can-ID-1
1445,266775_kaf-ID-1,Other,1,266775_kaf-ID-1
1446,266775_kas-ID-1,Other,1,266775_kas-ID-1
1447,138382_cdp5-ID-1,Other,1,138382_cdp5-ID-1
1448,138382_cdp3-ID-1,Other,1,138382_cdp3-ID-1
1449,138382_mslo_DP-ID-1,Other,1,138382_mslo_DP-ID-1
1452,138382_CaT3_1_DP-ID-1,Other,1,138382_CaT3_1_DP-ID-1
1454,138382_SK2_DP-ID-1,Other,1,138382_SK2_DP-ID-1
1455,138382_CALC_ca2_DP-ID-1,Other,1,138382_CALC_ca2_DP-ID-1
1456,138382_CALC_DP-ID-1,Other,1,138382_CALC_DP-ID-1
1457,138382_CALC-ID-1,Other,1,138382_CALC-ID-1
1458,138382_newCaP_DP-ID-1,Other,1,138382_newCaP_DP-ID-1
1460,121600_inap-ID-2,Other,2,121600_inap-ID-2;121600_inap-ID-1
1464,3808_leak-ID-1,Other,5,3808_leak-ID-1;121600_leak-ID-4;121600_leak-ID-1;121600_leak-ID-2;121600_leak-ID-3
1465,121600_HH-ID-2,Other,4,121600_HH-ID-2;121600_HH-ID-1;121600_HH-ID-3;121600_HH-ID-4
1466,121600_ih-ID-2,Other,2,121600_ih-ID-2;121600_ih-ID-1
1467,64259_Gfluct-ID-1,Other,1,64259_Gfluct-ID-1
1468,97868_MySQL-ID-1,Other,1,97868_MySQL-ID-1
1469,97868_vecst-ID-1,Other,1,97868_vecst-ID-1
1470,97868_spud-ID-1,Other,1,97868_spud-ID-1
1472,180789_myexchangersoma-ID-1,Other,2,180789_myexchangersoma-ID-1;266578_myexchangersoma-ID-1
1476,180789_kdyn-ID-1,Other,2,180789_kdyn-ID-1;266578_kdyn-ID-1
1478,180789_cad-ID-1,Other,2,180789_cad-ID-1;266578_cad-ID-1
1479,180789_kc3-ID-1,Other,2,180789_kc3-ID-1;266578_kc3-ID-1
1486,180789_k23-ID-1,Other,2,180789_k23-ID-1;266578_k23-ID-1
1487,180789_bkpkj-ID-1,Other,2,180789_bkpkj-ID-1;266578_bkpkj-ID-1
1488,48332_cadiff-ID-1,Other,4,48332_cadiff-ID-1;155735_cadiff-ID-1;180789_cadiff-ID-1;266578_cadiff-ID-1
1489,180789_gkca-ID-1,Other,2,180789_gkca-ID-1;266578_gkca-ID-1
1490,180789_leak-ID-1,Other,2,180789_leak-ID-1;266578_leak-ID-1
1492,180789_pump-ID-1,Other,2,180789_pump-ID-1;266578_pump-ID-1
1493,180789_newnew-ID-1,Other,2,180789_newnew-ID-1;266578_newnew-ID-1
1494,266578_Golgi_KV-ID-1,Other,1,266578_Golgi_KV-ID-1
1497,180789_myexchanger-ID-1,Other,2,180789_myexchanger-ID-1;266578_myexchanger-ID-1
1500,180789_nadifl-ID-1,Other,2,180789_nadifl-ID-1;266578_nadifl-ID-1
1503,266851_vecstim-ID-1,Other,9,266851_vecstim-ID-1;266851_vecstim-ID-2;260015_vecstim-ID-5;260015_vecstim-ID-4;260015_vecstim-ID-2;260015_vecstim-ID-6;260015_vecstim-ID-1;260015_vecstim-ID-3;260015_vecstim-ID-7
1505,116862_cadecay-ID-1,Other,6,116862_cadecay-ID-1;195615_cadad-ID-1;266851_cadad-ID-1;266851_cadad-ID-2;260015_cadad-ID-1;267511_cadad-ID-1
1507,266851_h_migliore-ID-1,Other,4,266851_h_migliore-ID-1;266851_h_migliore-ID-3;266851_h_migliore-ID-2;260015_h_migliore-ID-1
1509,168310_kdrin-ID-1,Other,9,168310_kdrin-ID-1;237595_kdrin-ID-2;237595_kdrin-ID-1;266851_kdrin-ID-2;266851_kdrin-ID-3;266851_kdrin-ID-4;266851_kdrin-ID-1;260015_kdrin-ID-1;267511_kdrin-ID-1
1510,266851_IC-ID-2,Other,4,266851_IC-ID-2;266851_IC-ID-1;260015_IC-ID-1;267511_IC-ID-1
1511,266851_cal_mh-ID-2,Other,4,266851_cal_mh-ID-2;266851_cal_mh-ID-1;260015_cal_mh-ID-1;267511_cal_mh-ID-1
1512,266851_ican_sidi-ID-1,Other,4,266851_ican_sidi-ID-1;266851_ican_sidi-ID-2;260015_ican_sidi-ID-1;267511_ican_sidi-ID-1
1513,266851_cat_traub-ID-1,Other,4,266851_cat_traub-ID-1;266851_cat_traub-ID-2;260015_cat_traub-ID-1;267511_cat_traub-ID-1
1514,136803_dipole-ID-1,Other,3,136803_dipole-ID-1;151685_dipole-ID-1;260015_dipole-ID-1
1515,187604_ch_KvCaB-ID-1,Other,2,187604_ch_KvCaB-ID-1;260015_ch_KvCaB-ID-1
1518,136803_pp_dipole-ID-1,Other,3,136803_pp_dipole-ID-1;151685_dipole_pp-ID-1;260015_dipole_pp-ID-1
1520,187604_ch_Navngf-ID-1,Other,3,187604_ch_Navngf-ID-1;260015_ch_Navngf-ID-1;267511_ch_Navngf-ID-1
1522,168310_catcb-ID-1,Other,6,168310_catcb-ID-1;237595_catcb-ID-2;237595_catcb-ID-1;266851_catcb-ID-2;266851_catcb-ID-1;260015_catcb-ID-1
1523,266851_kapcb-ID-1,Other,4,266851_kapcb-ID-1;266851_kapcb-ID-2;260015_kapcb-ID-1;267511_kapcb-ID-1
1524,187604_iconc_Ca-ID-1,Other,2,187604_iconc_Ca-ID-1;260015_iconc_Ca-ID-1
1527,266851_canin-ID-1,Other,6,266851_canin-ID-1;266851_canin-ID-2;266851_canin-ID-4;266851_canin-ID-3;260015_canin-ID-1;267511_canin-ID-1
1528,266851_MyExp2SynNMDABB-ID-2,Other,4,266851_MyExp2SynNMDABB-ID-2;266851_MyExp2SynNMDABB-ID-1;260015_MyExp2SynNMDABB-ID-1;267511_MyExp2SynNMDABB-ID-1
1529,195615_savedist-ID-1,Other,5,195615_savedist-ID-1;266851_savedist-ID-2;266851_savedist-ID-1;260015_savedist-ID-1;267511_savedist-ID-1
1530,187604_ch_leak-ID-1,Other,2,187604_ch_leak-ID-1;260015_ch_leak-ID-1
1531,266851_h_BS-ID-2,Other,4,266851_h_BS-ID-2;266851_h_BS-ID-1;260015_h_BS-ID-1;267511_h_BS-ID-1
1532,187604_ch_KCaS-ID-1,Other,2,187604_ch_KCaS-ID-1;260015_ch_KCaS-ID-1
1533,266851_ar_traub-ID-1,Other,4,266851_ar_traub-ID-1;266851_ar_traub-ID-2;260015_ar_traub-ID-1;267511_ar_traub-ID-1
1534,266851_h_harnett-ID-2,Other,3,266851_h_harnett-ID-2;260015_h_harnett-ID-1;267511_h_harnett-ID-1
1535,266851_cat_mig-ID-1,Other,4,266851_cat_mig-ID-1;266851_cat_mig-ID-2;260015_cat_mig-ID-1;267511_cat_mig-ID-1
1536,168310_iksin-ID-1,Other,9,168310_iksin-ID-1;237595_iksin-ID-1;237595_iksin-ID-2;266851_IKsin-ID-1;266851_IKsin-ID-4;266851_IKsin-ID-3;266851_IKsin-ID-2;260015_IKsin-ID-1;267511_IKsin-ID-1
1537,185858_gabab-ID-1,Other,4,185858_gabab-ID-1;266851_gabab-ID-2;266851_gabab-ID-1;260015_gabab-ID-1
1538,266851_kapin-ID-1,Other,6,266851_kapin-ID-1;266851_kapin-ID-3;266851_kapin-ID-2;266851_kapin-ID-4;260015_kapin-ID-1;267511_kapin-ID-1
1539,168310_kctin-ID-1,Other,9,168310_kctin-ID-1;237595_kctin-ID-1;237595_kctin-ID-2;266851_kctin-ID-4;266851_kctin-ID-2;266851_kctin-ID-3;266851_kctin-ID-1;260015_kctin-ID-1;267511_kctin-ID-1
1540,187604_ch_Kdrfastngf-ID-1,Other,2,187604_ch_Kdrfastngf-ID-1;260015_ch_Kdrfastngf-ID-1
1543,187604_ch_CavL-ID-1,Other,2,187604_ch_CavL-ID-1;260015_ch_CavL-ID-1
1544,168310_nafx-ID-1,Other,9,168310_nafx-ID-1;237595_nafx-ID-2;237595_nafx-ID-1;266851_nafx-ID-2;266851_nafx-ID-1;266851_nafx-ID-3;266851_nafx-ID-4;260015_nafx-ID-1;267511_nafx-ID-1
1545,266851_nap_sidi-ID-1,Other,4,266851_nap_sidi-ID-1;266851_nap_sidi-ID-2;260015_nap_sidi-ID-1;267511_nap_sidi-ID-1
1546,64261_stdwa_songabbott-ID-1,Other,1,64261_stdwa_songabbott-ID-1
1547,64261_stdwa_symm-ID-1,Other,1,64261_stdwa_symm-ID-1
1548,64261_ctrlnsvr2-ID-1,Other,1,64261_ctrlnsvr2-ID-1
1549,64261_stdwa_softlimits-ID-1,Other,1,64261_stdwa_softlimits-ID-1
1550,64261_netstimvr2-ID-1,Other,1,64261_netstimvr2-ID-1
1553,259732_glutamate-ID-1,Other,1,259732_glutamate-ID-1
1554,259732_HHstshort-ID-1,Other,1,259732_HHstshort-ID-1
1555,259732_gabaA-ID-1,Other,1,259732_gabaA-ID-1
1556,244414_ChR2H134R-ID-1,Other,1,244414_ChR2H134R-ID-1
1557,228599_kd_inc_tau-ID-1,Other,1,228599_kd_inc_tau-ID-1
1558,228599_na3n-ID-1,Other,1,228599_na3n-ID-1
1559,228599_cacumm-ID-1,Other,1,228599_cacumm-ID-1
1560,228599_kaprox-ID-1,Other,1,228599_kaprox-ID-1
1561,228599_kdrca1-ID-1,Other,1,228599_kdrca1-ID-1
1562,228599_kd-ID-1,Other,1,228599_kd-ID-1
1563,267201_madexp-ID-1,Other,1,267201_madexp-ID-1
1564,267201_elif-ID-1,Other,1,267201_elif-ID-1
1565,3673_capump-ID-1,Other,1,3673_capump-ID-1
1567,241165_Ca-ID-8,Other,24,241165_Ca-ID-8;241165_Ca-ID-4;241165_Ca-ID-9;241165_Ca-ID-7;241165_Ca-ID-1;241165_Ca-ID-5;241165_Ca-ID-10;241165_Ca-ID-11;241165_Ca-ID-3;241165_Ca-ID-2;241165_Ca-ID-6;264834_Ca-ID-1;267691_Ca-ID-7;267691_Ca-ID-3;267691_Ca-ID-9;267691_Ca-ID-4;267691_Ca-ID-5;267691_Ca-ID-11;267691_Ca-ID-1;267691_Ca-ID-2;267691_Ca-ID-6;267691_Ca-ID-8;267691_Ca-ID-10;267511_Ca-ID-1
1568,241165_Ca_LVAst-ID-26,Other,2,241165_Ca_LVAst-ID-26;267691_Ca_LVAst-ID-26
1569,241165_Nap_Et2-ID-26,Other,2,241165_Nap_Et2-ID-26;267691_Nap_Et2-ID-26
1570,241165_NaTa_t-ID-26,Other,2,241165_NaTa_t-ID-26;267691_NaTa_t-ID-26
1571,267691_ProbGABAAB_EMS-ID-26,Other,1,267691_ProbGABAAB_EMS-ID-26
1572,241165_K_Tst-ID-26,Other,2,241165_K_Tst-ID-26;267691_K_Tst-ID-26
1573,241165_Im-ID-26,Other,2,241165_Im-ID-26;267691_Im-ID-26
1574,241165_NaTs2_t-ID-26,Other,2,241165_NaTs2_t-ID-26;267691_NaTs2_t-ID-26
1575,241165_K_Pst-ID-26,Other,2,241165_K_Pst-ID-26;267691_K_Pst-ID-26
1576,267691_xtra-ID-1,Other,1,267691_xtra-ID-1
1577,95960_dv-ID-1,Other,1,95960_dv-ID-1
1578,95960_asin-ID-1,Other,3,95960_asin-ID-1;148253_asin-ID-1;266811_asin-ID-1
1579,95960_spines-ID-1,Other,3,95960_spines-ID-1;128079_spines-ID-1;148253_spines-ID-1
1580,95960_ih-ID-1,Other,1,95960_ih-ID-1
1581,231818_Cav22-ID-1,Other,1,231818_Cav22-ID-1
1582,231818_Kv14-ID-1,Other,1,231818_Kv14-ID-1
1583,231818_Kv11-ID-1,Other,1,231818_Kv11-ID-1
1584,231818_Cav32-ID-1,Other,1,231818_Cav32-ID-1
1585,231818_ichan3-ID-1,Other,1,231818_ichan3-ID-1
1586,231818_Kir21-ID-1,Other,1,231818_Kir21-ID-1
1587,231818_CadepK-ID-1,Other,1,231818_CadepK-ID-1
1588,231818_BK-ID-1,Other,1,231818_BK-ID-1
1589,231818_Kv42b-ID-1,Other,1,231818_Kv42b-ID-1
1590,231818_Kv42-ID-1,Other,1,231818_Kv42-ID-1
1591,231818_HCN-ID-1,Other,1,231818_HCN-ID-1
1592,231818_Caold-ID-1,Other,1,231818_Caold-ID-1
1593,231818_Kv34-ID-1,Other,1,231818_Kv34-ID-1
1594,231818_na8st-ID-1,Other,1,231818_na8st-ID-1
1595,231818_Kv21-ID-1,Other,1,231818_Kv21-ID-1
1596,231818_Cabuffer-ID-1,Other,1,231818_Cabuffer-ID-1
1597,231818_Kv723-ID-1,Other,1,231818_Kv723-ID-1
1598,231818_SK2-ID-1,Other,1,231818_SK2-ID-1
1599,231818_Kv33-ID-1,Other,1,231818_Kv33-ID-1
1602,121060_NMDA-ID-1,Other,1,121060_NMDA-ID-1
1605,121060_chan_Cadyn-ID-1,Other,1,121060_chan_Cadyn-ID-1
1608,121060_chan_CaKdyn-ID-1,Other,1,121060_chan_CaKdyn-ID-1
1614,121060_AMPA-ID-1,Other,1,121060_AMPA-ID-1
1618,135838_GK-ID-1,Other,1,135838_GK-ID-1
1619,135838_peak-ID-1,Other,1,135838_peak-ID-1
1620,135838_GNa-ID-1,Other,1,135838_GNa-ID-1
1621,135838_GCa-ID-1,Other,1,135838_GCa-ID-1
1622,239878_hh2-ID-1,Other,1,239878_hh2-ID-1
1623,239878_iahp-ID-1,Other,1,239878_iahp-ID-1
1624,140249_Cad-ID-1,Other,3,140249_Cad-ID-1;156039_Cad-ID-1;239878_Cad-ID-1
1625,239878_Ican-ID-1,Other,1,239878_Ican-ID-1
1626,239878_ical-ID-1,Other,1,239878_ical-ID-1
1628,239878_it2-ID-1,Other,1,239878_it2-ID-1
1629,239878_iar-ID-1,Other,1,239878_iar-ID-1
1630,239878_HH2-ID-1,Other,1,239878_HH2-ID-1
1631,239878_IT-ID-2,Other,1,239878_IT-ID-2
1632,239878_cadecay-ID-2,Other,1,239878_cadecay-ID-2
1635,116096_nmdacin-ID-1,Other,1,116096_nmdacin-ID-1
1636,116096_cad-ID-1,Other,1,116096_cad-ID-1
1639,116096_ampacin-ID-1,Other,1,116096_ampacin-ID-1
1640,116096_ltpltd-ID-1,Other,1,116096_ltpltd-ID-1
1641,116096_cadspine-ID-1,Other,1,116096_cadspine-ID-1
1643,243841_mysa_motor-ID-1,Other,1,243841_mysa_motor-ID-1
1644,243841_stin_motor-ID-1,Other,1,243841_stin_motor-ID-1
1645,243841_mysa_sensory-ID-1,Other,1,243841_mysa_sensory-ID-1
1646,243841_flut_sensory-ID-1,Other,1,243841_flut_sensory-ID-1
1647,243841_stin_sensory-ID-1,Other,1,243841_stin_sensory-ID-1
1648,243841_node_sensory-ID-1,Other,1,243841_node_sensory-ID-1
1649,243841_flut_motor-ID-1,Other,1,243841_flut_motor-ID-1
1650,243841_node_motor-ID-1,Other,1,243841_node_motor-ID-1
1651,87284_distr-ID-1,Other,2,87284_distr-ID-1;143604_distr-ID-1
1652,143604_multiclamp-ID-1,Other,1,143604_multiclamp-ID-1
1653,143604_exp2synsat-ID-1,Other,1,143604_exp2synsat-ID-1
1656,143604_constant-ID-1,Other,2,143604_constant-ID-1;232023_constant-ID-1
1657,226401_zoidsyn-ID-1,Other,2,226401_zoidsyn-ID-1;143604_zoidsyn-ID-1
1658,143604_exp2syncur-ID-1,Other,1,143604_exp2syncur-ID-1
1659,150445_rgi-ID-1,Other,1,150445_rgi-ID-1
1660,114735_gap-ID-1,Other,1,114735_gap-ID-1
1661,189786_MOTONEURON_5HT-ID-1,Other,1,189786_MOTONEURON_5HT-ID-1
1662,189786_AXNODE-ID-1,Other,1,189786_AXNODE-ID-1
1663,189786_MOTONEURON-ID-1,Other,1,189786_MOTONEURON-ID-1
1664,189786_INITIAL-ID-1,Other,1,189786_INITIAL-ID-1
1671,33975_cur-ID-1,Other,1,33975_cur-ID-1
1674,26997_fvpre-ID-1,Other,2,26997_fvpre-ID-1;33975_fvpre-ID-1
1675,33975_GABAA-ID-1,Other,1,33975_GABAA-ID-1
1676,33975_prtime-ID-1,Other,1,33975_prtime-ID-1
1678,144089_NMDA-ID-1,Other,1,144089_NMDA-ID-1
1679,144089_ican-ID-1,Other,1,144089_ican-ID-1
1681,144089_netstimmm-ID-1,Other,1,144089_netstimmm-ID-1
1683,146949_stats-ID-1,Other,1,146949_stats-ID-1
1684,136095_infot-ID-1,Other,5,136095_infot-ID-1;141505_infot-ID-1;150245_infot-ID-1;146949_infot-ID-1;258738_infot-ID-1
1685,141505_staley-ID-1,Other,2,141505_staley-ID-1;146949_staley-ID-1
1686,141505_intfsw-ID-1,Other,2,141505_intfsw-ID-1;146949_intfsw-ID-1
1687,146949_intf6-ID-1,Other,1,146949_intf6-ID-1
1688,146949_misc-ID-1,Other,1,146949_misc-ID-1
1689,146949_matrix-ID-1,Other,1,146949_matrix-ID-1
1691,143635_mhw-ID-1,Other,1,143635_mhw-ID-1
1693,266905_traub_Kdr-ID-1,Other,1,266905_traub_Kdr-ID-1
1694,266905_traub_Cashell-ID-1,Other,1,266905_traub_Cashell-ID-1
1695,266905_traub_Ka-ID-1,Other,1,266905_traub_Ka-ID-1
1696,266905_traub_Kahp-ID-1,Other,1,266905_traub_Kahp-ID-1
1697,266905_traub_Kc-ID-1,Other,1,266905_traub_Kc-ID-1
1698,266905_traub_Na-ID-1,Other,1,266905_traub_Na-ID-1
1699,266905_traub_Ca-ID-1,Other,1,266905_traub_Ca-ID-1
1700,18198_nmda-ID-1,Other,2,18198_nmda-ID-1;18500_nmda-ID-1
1701,18198_ampa-ID-1,Other,2,18198_ampa-ID-1;18500_ampa-ID-1
1702,18198_gabab-ID-1,Other,2,18198_gabab-ID-1;18500_gabab-ID-1
1703,18198_gabaa-ID-1,Other,2,18198_gabaa-ID-1;18500_gabaa-ID-1
1705,257028_io_h-ID-1,Other,4,257028_io_h-ID-1;257028_io_h-ID-2;266842_io_h-ID-1;266842_io_h-ID-2
1706,257028_pc_Ihcn-ID-1,Other,4,257028_pc_Ihcn-ID-1;257028_pc_Ihcn-ID-2;266842_pc_Ihcn-ID-1;266842_pc_Ihcn-ID-2
1707,257028_pc_Kv4-ID-2,Other,4,257028_pc_Kv4-ID-2;257028_pc_Kv4-ID-1;266842_pc_Kv4-ID-1;266842_pc_Kv4-ID-2
1708,257028_tc_h-ID-1,Other,4,257028_tc_h-ID-1;257028_tc_h-ID-2;266842_tc_h-ID-2;266842_tc_h-ID-1
1709,257028_mc_IT-ID-2,Other,4,257028_mc_IT-ID-2;257028_mc_IT-ID-1;266842_mc_IT-ID-1;266842_mc_IT-ID-2
1710,257028_dcn_NaP-ID-2,Other,4,257028_dcn_NaP-ID-2;257028_dcn_NaP-ID-1;266842_dcn_NaP-ID-2;266842_dcn_NaP-ID-1
1711,257028_dcn_h-ID-1,Other,4,257028_dcn_h-ID-1;257028_dcn_h-ID-2;266842_dcn_h-ID-1;266842_dcn_h-ID-2
1712,257028_dcn_NaF-ID-1,Other,4,257028_dcn_NaF-ID-1;257028_dcn_NaF-ID-2;266842_dcn_NaF-ID-2;266842_dcn_NaF-ID-1
1713,257028_noisycurrent-ID-2,Other,4,257028_noisycurrent-ID-2;257028_noisycurrent-ID-1;266842_noisycurrent-ID-2;266842_noisycurrent-ID-1
1714,257028_pc_CaP-ID-1,Other,4,257028_pc_CaP-ID-1;257028_pc_CaP-ID-2;266842_pc_CaP-ID-1;266842_pc_CaP-ID-2
1715,257028_grl_goc-ID-1,Other,4,257028_grl_goc-ID-1;257028_grl_goc-ID-2;266842_grl_goc-ID-2;266842_grl_goc-ID-1
1716,257028_noisytanhsyn-ID-2,Other,4,257028_noisytanhsyn-ID-2;257028_noisytanhsyn-ID-1;266842_noisytanhsyn-ID-2;266842_noisytanhsyn-ID-1
1717,257028_tc_CaConc-ID-1,Other,4,257028_tc_CaConc-ID-1;257028_tc_CaConc-ID-2;266842_tc_CaConc-ID-1;266842_tc_CaConc-ID-2
1718,257028_pc_Kv1-ID-1,Other,4,257028_pc_Kv1-ID-1;257028_pc_Kv1-ID-2;266842_pc_Kv1-ID-1;266842_pc_Kv1-ID-2
1719,257028_noisyexpsyn-ID-1,Other,4,257028_noisyexpsyn-ID-1;257028_noisyexpsyn-ID-2;266842_noisyexpsyn-ID-2;266842_noisyexpsyn-ID-1
1720,257028_noisytanhsyn2-ID-2,Other,4,257028_noisytanhsyn2-ID-2;257028_noisytanhsyn2-ID-1;266842_noisytanhsyn2-ID-1;266842_noisytanhsyn2-ID-2
1721,257028_dcn_fKdr-ID-2,Other,4,257028_dcn_fKdr-ID-2;257028_dcn_fKdr-ID-1;266842_dcn_fKdr-ID-2;266842_dcn_fKdr-ID-1
1722,257028_pc_Na-ID-2,Other,4,257028_pc_Na-ID-2;257028_pc_Na-ID-1;266842_pc_Na-ID-2;266842_pc_Na-ID-1
1723,257028_dcn_SK-ID-1,Other,4,257028_dcn_SK-ID-1;257028_dcn_SK-ID-2;266842_dcn_SK-ID-1;266842_dcn_SK-ID-2
1724,257028_dcn_pas-ID-2,Other,4,257028_dcn_pas-ID-2;257028_dcn_pas-ID-1;266842_dcn_pas-ID-2;266842_dcn_pas-ID-1
1725,257028_dcn_CalConc-ID-2,Other,4,257028_dcn_CalConc-ID-2;257028_dcn_CalConc-ID-1;266842_dcn_CalConc-ID-1;266842_dcn_CalConc-ID-2
1726,257028_mc_hh2-ID-2,Other,4,257028_mc_hh2-ID-2;257028_mc_hh2-ID-1;266842_mc_hh2-ID-2;266842_mc_hh2-ID-1
1727,257028_dcn_CaConc-ID-1,Other,4,257028_dcn_CaConc-ID-1;257028_dcn_CaConc-ID-2;266842_dcn_CaConc-ID-1;266842_dcn_CaConc-ID-2
1728,257028_tc_fastNa-ID-1,Other,4,257028_tc_fastNa-ID-1;257028_tc_fastNa-ID-2;266842_tc_fastNa-ID-1;266842_tc_fastNa-ID-2
1729,257028_io_ca-ID-1,Other,4,257028_io_ca-ID-1;257028_io_ca-ID-2;266842_io_ca-ID-1;266842_io_ca-ID-2
1730,257028_dcn_TNC-ID-2,Other,4,257028_dcn_TNC-ID-2;257028_dcn_TNC-ID-1;266842_dcn_TNC-ID-2;266842_dcn_TNC-ID-1
1731,257028_pc_leak-ID-1,Other,4,257028_pc_leak-ID-1;257028_pc_leak-ID-2;266842_pc_leak-ID-1;266842_pc_leak-ID-2
1732,257028_mc_Cad-ID-1,Other,4,257028_mc_Cad-ID-1;257028_mc_Cad-ID-2;266842_mc_Cad-ID-1;266842_mc_Cad-ID-2
1733,257028_pc_Kbin-ID-1,Other,4,257028_pc_Kbin-ID-1;257028_pc_Kbin-ID-2;266842_pc_Kbin-ID-1;266842_pc_Kbin-ID-2
1734,257028_io_na-ID-1,Other,4,257028_io_na-ID-1;257028_io_na-ID-2;266842_io_na-ID-1;266842_io_na-ID-2
1735,257028_grl_grc-ID-1,Other,4,257028_grl_grc-ID-1;257028_grl_grc-ID-2;266842_grl_grc-ID-1;266842_grl_grc-ID-2
1736,257028_pc_Narsg-ID-2,Other,4,257028_pc_Narsg-ID-2;257028_pc_Narsg-ID-1;266842_pc_Narsg-ID-1;266842_pc_Narsg-ID-2
1737,257028_io_gap-ID-2,Other,4,257028_io_gap-ID-2;257028_io_gap-ID-1;266842_io_gap-ID-2;266842_io_gap-ID-1
1738,257028_tc_fastK-ID-1,Other,4,257028_tc_fastK-ID-1;257028_tc_fastK-ID-2;266842_tc_fastK-ID-2;266842_tc_fastK-ID-1
1739,257028_pc_CaBK-ID-2,Other,4,257028_pc_CaBK-ID-2;257028_pc_CaBK-ID-1;266842_pc_CaBK-ID-1;266842_pc_CaBK-ID-2
1740,257028_noisyexp2syn-ID-2,Other,7,257028_noisyexp2syn-ID-2;257028_noisyexp2syn-ID-1;267189_noisyexp2syn-ID-1;267189_noisyexp2syn-ID-2;267189_noisyexp2syn-ID-3;266842_noisyexp2syn-ID-1;266842_noisyexp2syn-ID-2
1741,257028_dcn_sKdr-ID-2,Other,4,257028_dcn_sKdr-ID-2;257028_dcn_sKdr-ID-1;266842_dcn_sKdr-ID-1;266842_dcn_sKdr-ID-2
1742,257028_dcn_CaHVA-ID-2,Other,4,257028_dcn_CaHVA-ID-2;257028_dcn_CaHVA-ID-1;266842_dcn_CaHVA-ID-2;266842_dcn_CaHVA-ID-1
1743,257028_grl_stellc-ID-1,Other,4,257028_grl_stellc-ID-1;257028_grl_stellc-ID-2;266842_grl_stellc-ID-2;266842_grl_stellc-ID-1
1744,257028_tc_slowK-ID-2,Other,4,257028_tc_slowK-ID-2;257028_tc_slowK-ID-1;266842_tc_slowK-ID-1;266842_tc_slowK-ID-2
1745,257028_tc_CaT-ID-1,Other,4,257028_tc_CaT-ID-1;257028_tc_CaT-ID-2;266842_tc_CaT-ID-1;266842_tc_CaT-ID-2
1746,257028_tc_pas2-ID-2,Other,4,257028_tc_pas2-ID-2;257028_tc_pas2-ID-1;266842_tc_pas2-ID-1;266842_tc_pas2-ID-2
1747,257028_pc_Caint-ID-1,Other,4,257028_pc_Caint-ID-1;257028_pc_Caint-ID-2;266842_pc_Caint-ID-2;266842_pc_Caint-ID-1
1748,257028_mc_IM-ID-2,Other,4,257028_mc_IM-ID-2;257028_mc_IM-ID-1;266842_mc_IM-ID-1;266842_mc_IM-ID-2
1749,257028_dcn_CaLVA-ID-2,Other,4,257028_dcn_CaLVA-ID-2;257028_dcn_CaLVA-ID-1;266842_dcn_CaLVA-ID-1;266842_dcn_CaLVA-ID-2
1750,257028_io_kdr-ID-1,Other,4,257028_io_kdr-ID-1;257028_io_kdr-ID-2;266842_io_kdr-ID-1;266842_io_kdr-ID-2
1752,232813_kcnq-ID-1,Other,1,232813_kcnq-ID-1
1753,232813_kht-ID-1,Other,1,232813_kht-ID-1
1754,232813_IClamp500-ID-1,Other,1,232813_IClamp500-ID-1
1755,232813_kcna-ID-1,Other,1,232813_kcna-ID-1
1756,232813_IClamp2-ID-1,Other,1,232813_IClamp2-ID-1
1757,232813_leak-ID-1,Other,1,232813_leak-ID-1
1758,232813_kcnab2-ID-1,Other,1,232813_kcnab2-ID-1
1759,232813_ka-ID-1,Other,1,232813_ka-ID-1
1766,187615_SK-ID-1,Other,3,187615_SK-ID-1;249463_SK-ID-1;267293_SK-ID-1
1767,187615_cad-ID-1,Other,2,187615_cad-ID-1;249463_cad-ID-1
1768,187615_na-ID-1,Other,1,187615_na-ID-1
1771,187615_BK-ID-1,Other,3,187615_BK-ID-1;249463_BK-ID-1;267293_BK-ID-1
1775,253991_EPSPClamp-ID-1,Other,3,253991_EPSPClamp-ID-1;53435_EPSPClamp-ID-2;53435_EPSPClamp-ID-1
1779,140249_Ican-ID-1,Other,2,140249_Ican-ID-1;156039_Ican-ID-1
1783,267018_rxdsyn-ID-1,Other,1,267018_rxdsyn-ID-1
1784,18197_glutamate-ID-1,Other,1,18197_glutamate-ID-1
1785,18197_gaba-ID-1,Other,1,18197_gaba-ID-1
1786,3658_ampad4-ID-1,Other,1,3658_ampad4-ID-1
1787,3658_glures23-ID-1,Other,1,3658_glures23-ID-1
1788,3658_ampad2-ID-1,Other,1,3658_ampad2-ID-1
1789,3658_gludif2-ID-1,Other,1,3658_gludif2-ID-1
1790,3658_glubbfbm-ID-1,Other,1,3658_glubbfbm-ID-1
1791,3658_gludif3-ID-1,Other,1,3658_gludif3-ID-1
1792,3658_spgen2-ID-1,Other,1,3658_spgen2-ID-1
1793,3658_gludif23-ID-1,Other,1,3658_gludif23-ID-1
1794,3658_glubes5-ID-1,Other,1,3658_glubes5-ID-1
1795,3658_glubes4-ID-1,Other,1,3658_glubes4-ID-1
1796,3658_glubes6-ID-1,Other,1,3658_glubes6-ID-1
1797,3658_glubes23-ID-1,Other,1,3658_glubes23-ID-1
1798,3658_glubes3-ID-1,Other,1,3658_glubes3-ID-1
1799,3658_glubes2-ID-1,Other,1,3658_glubes2-ID-1
1800,187474_ProbAMPANMDA2groupdet-ID-1,Other,1,187474_ProbAMPANMDA2groupdet-ID-1
1801,187474_ProbAMPANMDA2group-ID-1,Other,1,187474_ProbAMPANMDA2group-ID-1
1802,187474_ProbUDFsyn2-ID-1,Other,3,187474_ProbUDFsyn2-ID-1;267587_ProbUDFsyn2-ID-1;267587_ProbUDFsyn2-ID-2
1803,187474_ProbUDFsyn2groupdet-ID-1,Other,1,187474_ProbUDFsyn2groupdet-ID-1
1804,187474_ProbAMPANMDA2-ID-1,Other,1,187474_ProbAMPANMDA2-ID-1
1805,187474_ProbUDFsyn2group-ID-1,Other,1,187474_ProbUDFsyn2group-ID-1
1806,261714_Cav23-ID-1,Other,1,261714_Cav23-ID-1
1810,187473_SK-ID-1,Other,1,187473_SK-ID-1
1812,187473_kexternal-ID-1,Other,2,187473_kexternal-ID-1;266498_kexternal-ID-1
1813,187473_fpump-ID-1,Other,2,187473_fpump-ID-1;266498_fpump-ID-1
1814,187473_nadifl-ID-1,Other,2,187473_nadifl-ID-1;266498_nadifl-ID-1
1818,112834_NMDA-ID-1,Other,1,112834_NMDA-ID-1
1819,112834_caldyn-ID-1,Other,1,112834_caldyn-ID-1
1822,112834_AMPA-ID-1,Other,1,112834_AMPA-ID-1
1825,50210_nmdanet-ID-1,Other,1,50210_nmdanet-ID-1
1826,244692_gap43tau-ID-1,Other,1,244692_gap43tau-ID-1
1827,244692_gap45tau-ID-1,Other,1,244692_gap45tau-ID-1
1828,244692_gap40tau-ID-1,Other,1,244692_gap40tau-ID-1
1830,64228_IinjLTDim-ID-1,Other,3,64228_IinjLTDim-ID-1;124063_IinjLTDim-ID-1;267646_IinjLTDim-ID-1
1831,64228_Clca-ID-1,Other,1,64228_Clca-ID-1
1832,64228_IinjSin-ID-1,Other,1,64228_IinjSin-ID-1
1835,266732_SawtoothIClamp-ID-1,Other,1,266732_SawtoothIClamp-ID-1
1836,266732_syn_Ia-ID-1,Other,1,266732_syn_Ia-ID-1
1837,266732_module1_2-ID-1,Other,4,266732_module1_2-ID-1;266732_module1_2-ID-4;266732_module1_2-ID-3;266732_module1_2-ID-2
1838,266732_mStepIClamp-ID-1,Other,1,266732_mStepIClamp-ID-1
1839,266732_syn_Ia_sinewave-ID-1,Other,1,266732_syn_Ia_sinewave-ID-1
1840,266732_Xm-ID-2,Other,2,266732_Xm-ID-2;266732_Xm-ID-4
1841,266732_syn_Ia-ID-3,Other,2,266732_syn_Ia-ID-3;266732_syn_Ia-ID-2
1842,235769_syn_ramp-ID-1,Other,2,235769_syn_ramp-ID-1;266732_syn_ramp-ID-1
1843,12631_pulse-ID-1,Other,1,12631_pulse-ID-1
1845,12631_NMDA-ID-1,Other,1,12631_NMDA-ID-1
1846,12631_GABALOW-ID-1,Other,1,12631_GABALOW-ID-1
1847,12631_ICAN_destexhe-ID-1,Other,1,12631_ICAN_destexhe-ID-1
1850,12631_ICAN_voltdep-ID-1,Other,1,12631_ICAN_voltdep-ID-1
1851,12631_GABAB1-ID-1,Other,1,12631_GABAB1-ID-1
1852,12631_AMPA-ID-1,Other,1,12631_AMPA-ID-1
1853,12631_calciumpump_destexhe-ID-1,Other,2,12631_calciumpump_destexhe-ID-1;9889_calciumpump_destexhe-ID-1
1854,12631_rand-ID-1,Other,1,12631_rand-ID-1
1855,12631_GABAA-ID-1,Other,1,12631_GABAA-ID-1
1856,9889_presyn-ID-1,Other,2,9889_presyn-ID-1;12631_presyn-ID-1
1857,12631_Ih_old-ID-1,Other,2,12631_Ih_old-ID-1;9889_Ih_old-ID-1
1859,9889_pulse-ID-1,Other,2,9889_pulse-ID-1;7400_pulse-ID-1
1860,7400_vecst-ID-1,Other,1,7400_vecst-ID-1
1861,7400_AMPA-ID-1,Other,1,7400_AMPA-ID-1
1862,7400_GABAA-ID-1,Other,1,7400_GABAA-ID-1
1863,150240_ConductancePattern-ID-1,Other,1,150240_ConductancePattern-ID-1
1865,150240_RandomGenerator-ID-1,Other,1,150240_RandomGenerator-ID-1
1866,20212_cadecay-ID-1,Other,5,20212_cadecay-ID-1;150240_cadecay-ID-1;232876_cadecay-ID-1;232876_cadecay-ID-3;232876_cadecay-ID-2
1867,150240_SineWaveCurrent-ID-1,Other,1,150240_SineWaveCurrent-ID-1
1868,150240_ConstantCurrent-ID-1,Other,1,150240_ConstantCurrent-ID-1
1871,150240_SynapticNoise-ID-1,Other,1,150240_SynapticNoise-ID-1
1872,150240_RetinalInput-ID-1,Other,1,150240_RetinalInput-ID-1
1873,116835_AmpaCOD-ID-1,Other,4,116835_AmpaCOD-ID-1;139883_AmpaCOD-ID-1;206267_AmpaCOD-ID-1;267189_AmpaCOD-ID-1
1874,116835_GRC_GABA-ID-1,Other,3,116835_GRC_GABA-ID-1;139883_GRC_GABA-ID-1;206267_GRC_GABA-ID-1
1875,116835_NmdaS-ID-1,Other,4,116835_NmdaS-ID-1;139883_NmdaS-ID-1;206267_NmdaS-ID-1;267189_NmdaS-ID-1
1876,116835_Pregen-ID-1,Other,4,116835_Pregen-ID-1;139883_Pregen-ID-1;206267_Pregen-ID-1;267189_Pregen-ID-1
1877,3343_Ih-ID-1,Other,5,3343_Ih-ID-1;232876_Ih_des93-ID-3;234233_Ih-ID-1;232876_Ih_des93-ID-1;232876_Ih_des93-ID-2
1878,17663_VClamp-ID-1,Other,8,17663_VClamp-ID-1;279_VClamp-ID-1;53965_VClamp-ID-3;53965_VClamp-ID-1;53965_VClamp-ID-2;232876_VClamp-ID-1;232876_VClamp-ID-2;232876_VClamp-ID-3
1879,155735_sobol_pulses-ID-1,Other,1,155735_sobol_pulses-ID-1
1884,155735_rsg_cn-ID-1,Other,1,155735_rsg_cn-ID-1
1888,155735_bkpkj_cn-ID-1,Other,1,155735_bkpkj_cn-ID-1
1901,155735_CalciumP-ID-1,Other,2,155735_CalciumP-ID-1;206364_CalciumP-ID-1
1902,155735_ionleak-ID-1,Other,1,155735_ionleak-ID-1
1903,155735_K2-ID-1,Other,2,155735_K2-ID-1;206364_K2-ID-1
1904,155735_KC-ID-1,Other,2,155735_KC-ID-1;206364_KC-ID-1
1905,143633_ampactx-ID-1,Other,2,143633_ampactx-ID-1;143633_ampactx-ID-2
1906,143633_FakeExcSyn-ID-1,Other,2,143633_FakeExcSyn-ID-1;143633_FakeExcSyn-ID-2
1907,143633_gababKG-ID-2,Other,2,143633_gababKG-ID-2;143633_gababKG-ID-1
1908,143633_asymtrain-ID-1,Other,2,143633_asymtrain-ID-1;143633_asymtrain-ID-2
1909,143633_leakdepol-ID-2,Other,2,143633_leakdepol-ID-2;143633_leakdepol-ID-1
1910,143633_kdyn-ID-2,Other,2,143633_kdyn-ID-2;143633_kdyn-ID-1
1911,143633_nmda-ID-1,Other,2,143633_nmda-ID-1;143633_nmda-ID-2
1912,143633_it-ID-2,Other,2,143633_it-ID-2;143633_it-ID-1
1913,143633_ampacer-ID-1,Other,2,143633_ampacer-ID-1;143633_ampacer-ID-2
1914,143633_isina-ID-2,Other,2,143633_isina-ID-2;143633_isina-ID-1
1915,143633_mdltrdyn-ID-2,Other,2,143633_mdltrdyn-ID-2;143633_mdltrdyn-ID-1
1916,143633_ik2-ID-1,Other,2,143633_ik2-ID-1;143633_ik2-ID-2
1917,143633_PARAK75-ID-1,Other,2,143633_PARAK75-ID-1;143633_PARAK75-ID-2
1918,143633_nmdactx-ID-2,Other,2,143633_nmdactx-ID-2;143633_nmdactx-ID-1
1919,143633_isikdr-ID-1,Other,2,143633_isikdr-ID-1;143633_isikdr-ID-2
1920,143633_AXNODE75mb-ID-2,Other,2,143633_AXNODE75mb-ID-2;143633_AXNODE75mb-ID-1
1921,143633_ampa-ID-2,Other,2,143633_ampa-ID-2;143633_ampa-ID-1
1922,143633_ihshift-ID-1,Other,2,143633_ihshift-ID-1;143633_ihshift-ID-2
1923,143633_gabaa-ID-1,Other,2,143633_gabaa-ID-1;143633_gabaa-ID-2
1924,143633_nmdacer-ID-1,Other,2,143633_nmdacer-ID-1;143633_nmdacer-ID-2
1925,97874_vecst-ID-1,Other,1,97874_vecst-ID-1
1928,97874_vecst-ID-2,Other,1,97874_vecst-ID-2
1931,114359_SynAlphaPoissson-ID-1,Other,1,114359_SynAlphaPoissson-ID-1
1936,167499_ar-ID-1,Other,1,167499_ar-ID-1
1937,167499_netgaba-ID-1,Other,1,167499_netgaba-ID-1
1938,167499_netglutamate-ID-1,Other,1,167499_netglutamate-ID-1
1941,156120_K_pyr_bk-ID-2,Other,7,156120_K_pyr_bk-ID-2;156120_K_pyr_bk-ID-1;155705_K_pyr_bk-ID-2;155705_K_pyr_bk-ID-1;186977_K_pyr_bk-ID-3;186977_K_pyr_bk-ID-1;186977_K_pyr_bk-ID-2
1944,156120_GABA_input-ID-1,Other,5,156120_GABA_input-ID-1;156120_GABA_input-ID-2;186977_GABA_input-ID-1;186977_GABA_input-ID-2;186977_GABA_input-ID-3
1945,156120_AMPAg-ID-2,Other,7,156120_AMPAg-ID-2;156120_AMPAg-ID-1;155705_AMPAg-ID-1;155705_AMPAg-ID-2;186977_AMPAg-ID-2;186977_AMPAg-ID-3;186977_AMPAg-ID-1
1946,156120_nmdaR-ID-2,Other,6,156120_nmdaR-ID-2;156120_nmdaR-ID-1;155705_nmdaR-ID-1;186977_nmdaR-ID-1;186977_nmdaR-ID-2;186977_nmdaR-ID-3
1947,156120_stimuli-ID-1,Other,2,156120_stimuli-ID-1;186977_stimuli-ID-1
1948,156120_netstim_bgk-ID-1,Other,2,156120_netstim_bgk-ID-1;186977_netstim_bgk-ID-1
1949,18501_capump-ID-1,Other,1,18501_capump-ID-1
1950,84655_gsynth-ID-1,Other,1,84655_gsynth-ID-1
1951,128559_mGluR_DynSyn-ID-1,Other,1,128559_mGluR_DynSyn-ID-1
1952,128559_CaIntraCellDyn-ID-1,Other,1,128559_CaIntraCellDyn-ID-1
1954,124394_double_synapse-ID-1,Other,2,124394_double_synapse-ID-1;136176_double_synapse-ID-1
1955,124394_nmda_syn-ID-1,Other,1,124394_nmda_syn-ID-1
1956,124394_ampa_syn-ID-1,Other,2,124394_ampa_syn-ID-1;136176_ampa_syn-ID-1
1958,18198_release-ID-1,Other,1,18198_release-ID-1
1960,18198_gabab3-ID-1,Other,1,18198_gabab3-ID-1
1961,168414_KDRI-ID-1,Other,1,168414_KDRI-ID-1
1962,168414_B_Adapt-ID-1,Other,1,168414_B_Adapt-ID-1
1963,168414_B_DR-ID-1,Other,1,168414_B_DR-ID-1
1964,151949_CaIntraCellDyn-ID-1,Other,3,151949_CaIntraCellDyn-ID-1;168414_CaIntraCellDyn-ID-1;266498_CaIntraCellDyn-ID-1
1965,168414_B_A-ID-1,Other,1,168414_B_A-ID-1
1966,168414_B_NA-ID-1,Other,1,168414_B_NA-ID-1
1967,3263_nahh-ID-1,Other,4,3263_nahh-ID-1;147867_nahh-ID-1;181967_nahh-ID-1;266823_nahh-ID-1
1973,3263_cadiv-ID-1,Other,4,3263_cadiv-ID-1;147867_cadiv-ID-1;181967_cadiv-ID-1;266823_cadiv-ID-1
1974,147867_ampa-ID-1,Other,1,147867_ampa-ID-1
1980,258854_iAHPs-ID-1,Other,1,258854_iAHPs-ID-1
1981,258854_iA-ID-1,Other,1,258854_iA-ID-1
1982,258854_iC-ID-1,Other,1,258854_iC-ID-1
1983,258854_iCaLd-ID-1,Other,1,258854_iCaLd-ID-1
1984,258854_iCaLs-ID-1,Other,1,258854_iCaLs-ID-1
1985,258854_iNas-ID-1,Other,1,258854_iNas-ID-1
1986,258854_iCaT-ID-1,Other,1,258854_iCaT-ID-1
1987,258854_iL-ID-1,Other,1,258854_iL-ID-1
1988,258854_iM-ID-1,Other,1,258854_iM-ID-1
1989,258854_ih-ID-1,Other,1,258854_ih-ID-1
1990,258854_iKDR-ID-1,Other,1,258854_iKDR-ID-1
1991,258854_CaDyn-ID-1,Other,1,258854_CaDyn-ID-1
1992,241979_CaT-ID-1,Other,1,241979_CaT-ID-1
1994,264834_Nav11-ID-1,Other,1,264834_Nav11-ID-1
1995,264834_Nap_Et2-ID-1,Other,1,264834_Nap_Et2-ID-1
1996,264834_NaTa_t-ID-1,Other,1,264834_NaTa_t-ID-1
1997,264834_Nav11m-ID-1,Other,1,264834_Nav11m-ID-1
1998,264834_CaDynamics_E2-ID-1,Other,1,264834_CaDynamics_E2-ID-1
1999,264834_NaTs2_t-ID-1,Other,1,264834_NaTs2_t-ID-1
2000,168874_stats-ID-1,Other,1,168874_stats-ID-1
2002,37819_NMDA-ID-1,Other,6,37819_NMDA-ID-1;116862_NMDA-ID-1;64229_NMDA-ID-1;64229_NMDA-ID-2;136095_NMDA-ID-1;168874_NMDA-ID-1
2004,140881_vecst-ID-1,Other,5,140881_vecst-ID-1;151282_vecst-ID-1;168874_vecst-ID-1;195615_vecst-ID-1;258738_vecst-ID-1
2006,151282_misc-ID-1,Other,2,151282_misc-ID-1;168874_misc-ID-1
2007,168874_naf-ID-1,Other,1,168874_naf-ID-1
2011,257027_tmgsynday-ID-1,Other,1,257027_tmgsynday-ID-1
2012,257027_nmdanet-ID-1,Other,1,257027_nmdanet-ID-1
2013,234111_CLS-ID-1,Other,1,234111_CLS-ID-1
2014,113732_cad-ID-1,Other,2,113732_cad-ID-1;136803_cad-ID-1
2016,267646_A2_Ca-ID-1,Other,1,267646_A2_Ca-ID-1
2017,267646_Horizontal_IA-ID-1,Other,1,267646_Horizontal_IA-ID-1
2018,267646_Horizontal_ICa-ID-1,Other,1,267646_Horizontal_ICa-ID-1
2019,124063_gap-ID-1,Other,2,124063_gap-ID-1;267646_gap-ID-1
2020,267646_A2_ika_soma-ID-1,Other,1,267646_A2_ika_soma-ID-1
2021,267646_IinjLT-ID-1,Other,1,267646_IinjLT-ID-1
2022,124063_Cone_CPR-ID-1,Other,2,124063_Cone_CPR-ID-1;267646_Cone_CPR-ID-1
2023,267646_Horizontal_INa-ID-1,Other,1,267646_Horizontal_INa-ID-1
2024,267646_A2_ina_IS-ID-1,Other,1,267646_A2_ina_IS-ID-1
2025,267646_A2_ikm_soma-ID-1,Other,1,267646_A2_ikm_soma-ID-1
2026,267646_syn_ama_bip_inhib-ID-1,Other,1,267646_syn_ama_bip_inhib-ID-1
2027,267646_syn_rod_bip_excite-ID-1,Other,1,267646_syn_rod_bip_excite-ID-1
2029,267646_Amacrine_hhna-ID-1,Other,1,267646_Amacrine_hhna-ID-1
2030,267646_syn_ama_gan_inhib-ID-1,Other,1,267646_syn_ama_gan_inhib-ID-1
2031,267646_A2_ika_arm-ID-1,Other,1,267646_A2_ika_arm-ID-1
2032,267646_A2_ih-ID-1,Other,1,267646_A2_ih-ID-1
2033,267646_syn_horizon_PR-ID-1,Other,1,267646_syn_horizon_PR-ID-1
2034,267646_syn_rod_bip_excite_RD-ID-1,Other,1,267646_syn_rod_bip_excite_RD-ID-1
2035,267646_A2_ikm_arm-ID-1,Other,1,267646_A2_ikm_arm-ID-1
2036,267646_Horizontal_IKv-ID-1,Other,1,267646_Horizontal_IKv-ID-1
2037,267646_Horizontal_IKa-ID-1,Other,1,267646_Horizontal_IKa-ID-1
2038,267646_syn_bip_gan_inhib-ID-1,Other,1,267646_syn_bip_gan_inhib-ID-1
2039,267646_syn_rod_bip_inhib-ID-1,Other,1,267646_syn_rod_bip_inhib-ID-1
2040,267646_A2_ina_arm-ID-1,Other,1,267646_A2_ina_arm-ID-1
2041,267646_Gfluct-ID-1,Other,1,267646_Gfluct-ID-1
2042,267646_A2_ika_IS-ID-1,Other,1,267646_A2_ika_IS-ID-1
2043,267646_syn_bip_gan_excite-ID-1,Other,1,267646_syn_bip_gan_excite-ID-1
2044,267646_A2_ikm_IS-ID-1,Other,1,267646_A2_ikm_IS-ID-1
2045,267646_Amacrine_hhk-ID-1,Other,1,267646_Amacrine_hhk-ID-1
2046,267646_A2_ina_soma-ID-1,Other,1,267646_A2_ina_soma-ID-1
2047,267646_Rod_CPR-ID-1,Other,1,267646_Rod_CPR-ID-1
2051,267646_IinjLT_cone-ID-1,Other,1,267646_IinjLT_cone-ID-1
2052,124063_Bip_Cad-ID-1,Other,2,124063_Bip_Cad-ID-1;267646_Bip_Cad-ID-1
2055,267646_syn_bip_ama_excite-ID-1,Other,1,267646_syn_bip_ama_excite-ID-1
2056,267646_Horizontal_IL-ID-1,Other,1,267646_Horizontal_IL-ID-1
2057,184054_nmdaSyn-ID-1,Other,1,184054_nmdaSyn-ID-1
2058,184054_calH-ID-1,Other,1,184054_calH-ID-1
2059,184054_id-ID-1,Other,1,184054_id-ID-1
2060,184054_cdp-ID-1,Other,1,184054_cdp-ID-1
2061,184054_spgen2-ID-1,Other,1,184054_spgen2-ID-1
2064,53451_cad-ID-1,Other,1,53451_cad-ID-1
2067,53451_peak-ID-1,Other,1,53451_peak-ID-1
2074,226010_H-ID-1,Other,1,226010_H-ID-1
2075,226010_leak-ID-1,Other,1,226010_leak-ID-1
2078,182758_I_Ca-ID-1,Other,1,182758_I_Ca-ID-1
2079,182758_I_Na-ID-1,Other,1,182758_I_Na-ID-1
2080,182758_I_T_gpe-ID-1,Other,1,182758_I_T_gpe-ID-1
2081,182758_I_syn-ID-1,Other,1,182758_I_syn-ID-1
2082,182758_I_T_stn-ID-1,Other,1,182758_I_T_stn-ID-1
2083,182758_I_K-ID-1,Other,1,182758_I_K-ID-1
2084,182758_I_AHP-ID-1,Other,1,182758_I_AHP-ID-1
2085,182758_I_L-ID-1,Other,1,182758_I_L-ID-1
2086,19366_PasSA-ID-1,Other,3,19366_PasSA-ID-1;19214_PasSA-ID-1;20014_PasSA-ID-1
2088,19214_PasD-ID-1,Other,2,19214_PasD-ID-1;20014_PasD-ID-1
2089,19214_PasS-ID-1,Other,2,19214_PasS-ID-1;20014_PasS-ID-1
2090,186768_stats-ID-1,Other,1,186768_stats-ID-1
2092,139421_wrap-ID-1,Other,3,139421_wrap-ID-1;186768_wrap-ID-1;258738_wrap-ID-1
2094,139421_MyExp2SynAlpha-ID-1,Other,3,139421_MyExp2SynAlpha-ID-1;186768_MyExp2SynAlpha-ID-1;258738_MyExp2SynAlpha-ID-1
2098,139421_MyExp2SynNMDA-ID-1,Other,3,139421_MyExp2SynNMDA-ID-1;186768_MyExp2SynNMDA-ID-1;258738_MyExp2SynNMDA-ID-1
2101,135902_capr-ID-1,Other,7,135902_capr-ID-1;139421_capr-ID-1;135903_capr-ID-1;186768_capr-ID-1;182134_capr-ID-1;230861_capr-ID-1;258738_capr-ID-1
2103,186768_vecst-ID-1,Other,1,186768_vecst-ID-1
2105,186768_misc-ID-1,Other,1,186768_misc-ID-1
2108,139421_MyExp2Syn-ID-1,Other,3,139421_MyExp2Syn-ID-1;186768_MyExp2Syn-ID-1;258738_MyExp2Syn-ID-1
2113,139421_MyExp2SynNMDABB-ID-1,Other,4,139421_MyExp2SynNMDABB-ID-1;151282_MyExp2SynNMDABB-ID-1;186768_MyExp2SynNMDABB-ID-1;258738_MyExp2SynNMDABB-ID-1
2115,139421_caolmw-ID-1,Other,4,139421_caolmw-ID-1;151282_caolmw-ID-1;186768_caolmw-ID-1;258738_caolmw-ID-1
2122,184497_feature_weaver-ID-1,Other,1,184497_feature_weaver-ID-1
2123,184497_km-ID-1,Other,1,184497_km-ID-1
2124,184497_Voffset-ID-1,Other,1,184497_Voffset-ID-1
2125,184497_kdr-ID-1,Other,1,184497_kdr-ID-1
2126,184497_naf-ID-1,Other,1,184497_naf-ID-1
2127,184497_nap-ID-1,Other,1,184497_nap-ID-1
2128,184497_ar-ID-1,Other,1,184497_ar-ID-1
2129,184497_ka-ID-1,Other,1,184497_ka-ID-1
2130,184497_cal-ID-1,Other,1,184497_cal-ID-1
2131,184497_kc-ID-1,Other,1,184497_kc-ID-1
2132,235052_asKDR-ID-1,Other,1,235052_asKDR-ID-1
2133,235052_DGCaT-ID-1,Other,1,235052_DGCaT-ID-1
2134,235052_afKDR-ID-1,Other,1,235052_afKDR-ID-1
2136,64216_CPR-ID-1,Other,1,64216_CPR-ID-1
2137,224923_stim-ID-1,Other,1,224923_stim-ID-1
2138,224923_siniclamp-ID-1,Other,1,224923_siniclamp-ID-1
2139,224923_glutamate-ID-1,Other,1,224923_glutamate-ID-1
2140,124043_ampa-ID-1,Other,3,124043_ampa-ID-1;146565_ampa-ID-1;224923_ampa-ID-1
2141,64229_invlfire-ID-1,Other,1,64229_invlfire-ID-1
2142,64229_stats-ID-1,Other,1,64229_stats-ID-1
2144,64229_kmRT03-ID-2,Other,2,64229_kmRT03-ID-2;64229_kmRT03-ID-1
2145,64229_kdrRT03-ID-2,Other,2,64229_kdrRT03-ID-2;64229_kdrRT03-ID-1
2146,64229_nafRT03-ID-2,Other,2,64229_nafRT03-ID-2;64229_nafRT03-ID-1
2147,64229_intf-ID-1,Other,1,64229_intf-ID-1
2148,64229_myfit-ID-1,Other,1,64229_myfit-ID-1
2150,64229_nstim-ID-1,Other,2,64229_nstim-ID-1;116830_nstim-ID-1
2151,64229_calRT03-ID-2,Other,2,64229_calRT03-ID-2;64229_calRT03-ID-1
2152,64229_napRT03-ID-2,Other,2,64229_napRT03-ID-2;64229_napRT03-ID-1
2153,64229_arhRT03-ID-2,Other,2,64229_arhRT03-ID-2;64229_arhRT03-ID-1
2154,64229_vecst-ID-1,Other,1,64229_vecst-ID-1
2155,64229_kdr-ID-1,Other,1,64229_kdr-ID-1
2156,64229_cadRT03-ID-1,Other,1,64229_cadRT03-ID-1
2157,64229_misc-ID-1,Other,2,64229_misc-ID-1;64229_misc-ID-2
2158,64229_kahpRT03-ID-2,Other,2,64229_kahpRT03-ID-2;64229_kahpRT03-ID-1
2161,64229_kdrp-ID-1,Other,1,64229_kdrp-ID-1
2163,64229_cadecay-ID-2,Other,2,64229_cadecay-ID-2;64229_cadecay-ID-3
2164,64229_k2RT03-ID-2,Other,2,64229_k2RT03-ID-2;64229_k2RT03-ID-1
2165,64229_AMPA-ID-2,Other,3,64229_AMPA-ID-2;64229_AMPA-ID-1;136095_AMPA-ID-1
2166,64229_GABAb-ID-2,Other,3,64229_GABAb-ID-2;64229_GABAb-ID-1;136095_GABAb-ID-1
2167,64229_cah-ID-1,Other,1,64229_cah-ID-1
2168,64229_GABAa-ID-1,Other,2,64229_GABAa-ID-1;64229_GABAa-ID-2
2169,64229_kaRT03-ID-2,Other,2,64229_kaRT03-ID-2;64229_kaRT03-ID-1
2170,64229_intf-ID-2,Other,1,64229_intf-ID-2
2172,64229_nstim-ID-2,Other,1,64229_nstim-ID-2
2173,64229_vecst-ID-2,Other,1,64229_vecst-ID-2
2175,64229_cadRT03-ID-2,Other,1,64229_cadRT03-ID-2
2180,155705_GABA_input_-ID-1,Other,1,155705_GABA_input_-ID-1
2181,155705_GABA_input-ID-1,Other,1,155705_GABA_input-ID-1
2182,155705_nmdaR-ID-2,Other,1,155705_nmdaR-ID-2
2183,155705_GABA_input_FACIL-ID-1,Other,1,155705_GABA_input_FACIL-ID-1
2188,149739_GradeAMPA-ID-1,Other,3,149739_GradeAMPA-ID-1;183300_GradeAMPA-ID-1;232097_GradeAMPA-ID-1
2189,149739_OdorInput-ID-1,Other,3,149739_OdorInput-ID-1;183300_OdorInput-ID-1;232097_OdorInput-ID-1
2190,149739_cadecay2-ID-1,Other,3,149739_cadecay2-ID-1;183300_cadecay2-ID-1;232097_cadecay2-ID-1
2191,149739_Caint-ID-1,Other,3,149739_Caint-ID-1;183300_Caint-ID-1;232097_Caint-ID-1
2195,149739_GradeGABA-ID-1,Other,3,149739_GradeGABA-ID-1;183300_GradeGABA-ID-1;232097_GradeGABA-ID-1
2197,149739_Nicotin-ID-1,Other,3,149739_Nicotin-ID-1;183300_Nicotin-ID-1;232097_Nicotin-ID-1
2198,149739_cadecay-ID-1,Other,3,149739_cadecay-ID-1;183300_cadecay-ID-1;232097_cadecay-ID-1
2201,149739_GradNMDA-ID-1,Other,3,149739_GradNMDA-ID-1;183300_GradNMDA-ID-1;232097_GradNMDA-ID-1
2202,149739_Can-ID-1,Other,3,149739_Can-ID-1;183300_Can-ID-1;232097_Can-ID-1
2203,150284_BIOMD000000183-ID-1,Other,1,150284_BIOMD000000183-ID-1
2204,150284_vecevent-ID-1,Other,2,150284_vecevent-ID-1;267103_vecstim-ID-1
2205,150284_catrack-ID-1,Other,1,150284_catrack-ID-1
2206,150284_NMDA-ID-1,Other,1,150284_NMDA-ID-1
2207,150284_caldyn-ID-1,Other,1,150284_caldyn-ID-1
2208,150284_rubin-ID-1,Other,1,150284_rubin-ID-1
2209,150284_AMPA-ID-1,Other,1,150284_AMPA-ID-1
2210,150284_caltrack-ID-1,Other,1,150284_caltrack-ID-1
2212,150284_cadyn-ID-1,Other,1,150284_cadyn-ID-1
2216,239177_ECellOlufsen-ID-1,Other,1,239177_ECellOlufsen-ID-1
2217,239177_vecevent-ID-2,Other,1,239177_vecevent-ID-2
2218,239177_variator-ID-1,Other,1,239177_variator-ID-1
2219,243508_cadifus-ID-1,Other,1,243508_cadifus-ID-1
2220,243508_Isin-ID-1,Other,2,243508_Isin-ID-1;243508_Isin-ID-2
2221,243508_reporter-ID-1,Other,1,243508_reporter-ID-1
2222,243508_gapCaSt-ID-1,Other,1,243508_gapCaSt-ID-1
2223,243508_CAl-ID-2,Other,3,243508_CAl-ID-2;243508_CAl-ID-1;243508_CAl-ID-3
2224,243508_Kir4-ID-1,Other,1,243508_Kir4-ID-1
2225,243508_kpump-ID-1,Other,1,243508_kpump-ID-1
2226,243508_gap-ID-1,Other,1,243508_gap-ID-1
2227,243508_cadifus-ID-2,Other,1,243508_cadifus-ID-2
2228,243508_potassiumd-ID-1,Other,1,243508_potassiumd-ID-1
2229,243508_Kir-ID-2,Other,1,243508_Kir-ID-2
2230,243508_gapCa-ID-1,Other,1,243508_gapCa-ID-1
2231,243508_GluTrans-ID-1,Other,1,243508_GluTrans-ID-1
2232,243508_gapCaSt-ID-2,Other,1,243508_gapCaSt-ID-2
2233,243508_FRAP-ID-1,Other,1,243508_FRAP-ID-1
2234,243508_GluTrans8st-ID-1,Other,1,243508_GluTrans8st-ID-1
2235,243508_cadifus-ID-3,Other,1,243508_cadifus-ID-3
2240,3343_cadecay-ID-1,Other,2,3343_cadecay-ID-1;234233_cadecay-ID-1
2241,234233_ampa-ID-1,Other,1,234233_ampa-ID-1
2242,234233_gabab-ID-1,Other,1,234233_gabab-ID-1
2243,234233_ITREcustom-ID-1,Other,1,234233_ITREcustom-ID-1
2244,234233_gabaa-ID-1,Other,1,234233_gabaa-ID-1
2245,234233_IM-ID-1,Other,1,234233_IM-ID-1
2247,153574_hpg-ID-2,Other,2,153574_hpg-ID-2;153574_hpg-ID-1
2248,153574_kdrmt-ID-1,Other,2,153574_kdrmt-ID-1;153574_kdrmt-ID-2
2249,153574_kamt-ID-2,Other,2,153574_kamt-ID-2;153574_kamt-ID-1
2250,153574_naxn-ID-2,Other,2,153574_naxn-ID-2;153574_naxn-ID-1
2252,153574_kslowtab-ID-1,Other,1,153574_kslowtab-ID-1
2253,153574_cadecay-ID-1,Other,1,153574_cadecay-ID-1
2256,153574_kfasttab-ID-1,Other,1,153574_kfasttab-ID-1
2257,153574_kA-ID-1,Other,1,153574_kA-ID-1
2258,153574_lcafixed-ID-1,Other,1,153574_lcafixed-ID-1
2260,195667_NMDA-ID-1,Other,5,195667_NMDA-ID-1;267595_NMDA-ID-1;267587_NMDA-ID-3;267587_NMDA-ID-2;267587_NMDA-ID-1
2261,266814_nmdasyn-ID-1,Other,1,266814_nmdasyn-ID-1
2262,266814_nmda-ID-1,Other,1,266814_nmda-ID-1
2263,266814_newleak-ID-1,Other,1,266814_newleak-ID-1
2264,266814_blockhh3-ID-1,Other,1,266814_blockhh3-ID-1
2265,266814_CaLHH-ID-1,Other,1,266814_CaLHH-ID-1
2266,266814_typem-ID-1,Other,1,266814_typem-ID-1
2267,266814_newkca-ID-1,Other,1,266814_newkca-ID-1
2268,266814_HCN-ID-1,Other,1,266814_HCN-ID-1
2269,266814_nabalan-ID-1,Other,1,266814_nabalan-ID-1
2270,266814_cabalshell_stores-ID-1,Other,1,266814_cabalshell_stores-ID-1
2271,266814_NaMarkov-ID-1,Other,1,266814_NaMarkov-ID-1
2272,266814_cicr-ID-1,Other,1,266814_cicr-ID-1
2273,266814_CaN-ID-1,Other,1,266814_CaN-ID-1
2274,266814_NaMarkovFONLY-ID-1,Other,1,266814_NaMarkovFONLY-ID-1
2275,151685_cad-ID-1,Other,1,151685_cad-ID-1
2280,115356_Ca2Dyn-ID-1,Other,3,115356_Ca2Dyn-ID-1;125152_Ca2Dyn-ID-1;123927_Ca2Dyn-ID-1
2293,115356_CaDyn-ID-1,Other,3,115356_CaDyn-ID-1;125152_CaDyn-ID-1;123927_CaDyn-ID-1
2297,151443_lk-ID-1,Other,1,151443_lk-ID-1
2300,151443_Naf_No-ID-1,Other,1,151443_Naf_No-ID-1
2303,115357_intfire4r-ID-1,Other,1,115357_intfire4r-ID-1
2304,3785_couple5-ID-1,Other,1,3785_couple5-ID-1
2305,35358_passiv-ID-1,Other,2,35358_passiv-ID-1;9889_passiv-ID-1
2307,9889_nmda-ID-1,Other,1,9889_nmda-ID-1
2308,9889_GABALOW-ID-1,Other,1,9889_GABALOW-ID-1
2309,9889_gen-ID-1,Other,1,9889_gen-ID-1
2310,9889_ICAN_destexhe-ID-1,Other,1,9889_ICAN_destexhe-ID-1
2312,9889_GABAB1-ID-1,Other,1,9889_GABAB1-ID-1
2313,9889_AMPA-ID-1,Other,1,9889_AMPA-ID-1
2314,9889_rand-ID-1,Other,1,9889_rand-ID-1
2316,19366_Nmda-ID-1,Other,1,19366_Nmda-ID-1
2317,267599_ican-ID-1,Other,1,267599_ican-ID-1
2318,267599_ican_nov-ID-1,Other,1,267599_ican_nov-ID-1
2319,267599_cal4-ID-1,Other,2,267599_cal4-ID-1;267599_cal4-ID-2
2320,267599_icand-ID-1,Other,1,267599_icand-ID-1
2321,267599_ican-ID-2,Other,1,267599_ican-ID-2
2322,267599_ican_noND-ID-1,Other,1,267599_ican_noND-ID-1
2324,50997_modulate-ID-1,Other,1,50997_modulate-ID-1
2325,50997_caconc-ID-1,Other,1,50997_caconc-ID-1
2326,50997_rib_ufp-ID-1,Other,1,50997_rib_ufp-ID-1
2327,50997_capump-ID-1,Other,1,50997_capump-ID-1
2329,50997_ribbon_tiger-ID-1,Other,1,50997_ribbon_tiger-ID-1
2330,50997_casimple-ID-1,Other,1,50997_casimple-ID-1
2331,50997_vclmp-ID-1,Other,1,50997_vclmp-ID-1
2334,135902_gap-ID-1,Other,4,135902_gap-ID-1;135903_gap-ID-1;182134_gap-ID-1;230861_gap-ID-1
2338,135902_Exp2SynNMDA-ID-1,Other,4,135902_Exp2SynNMDA-ID-1;135903_Exp2SynNMDA-ID-1;182134_exp2synnmda-ID-1;230861_exp2synnmda-ID-1
2339,135902_Edrive-ID-1,Other,4,135902_Edrive-ID-1;135903_Edrive-ID-1;182134_edrive-ID-1;230861_edrive-ID-1
2340,135902_Exp2SynAMPApre-ID-1,Other,4,135902_Exp2SynAMPApre-ID-1;135903_Exp2SynAMPApre-ID-1;182134_exp2synampapre-ID-1;230861_exp2synampapre-ID-1
2343,135902_caolmw-ID-1,Other,4,135902_caolmw-ID-1;135903_caolmw-ID-1;182134_caolmw-ID-1;230861_caolmw-ID-1
2347,135902_fvpre-ID-1,Other,4,135902_fvpre-ID-1;135903_fvpre-ID-1;182134_fvpre-ID-1;230861_fvpre-ID-1
2348,135902_Exp2SynNMDApre-ID-1,Other,4,135902_Exp2SynNMDApre-ID-1;135903_Exp2SynNMDApre-ID-1;182134_exp2synnmdapre-ID-1;230861_exp2synnmdapre-ID-1
2349,135902_Exp2SynAMPA-ID-1,Other,4,135902_Exp2SynAMPA-ID-1;135903_Exp2SynAMPA-ID-1;182134_exp2synampa-ID-1;230861_exp2synampa-ID-1
2351,135902_halfgap-ID-1,Other,2,135902_halfgap-ID-1;135903_halfgap-ID-1
2352,135902_Exp2SynNMDAperm-ID-1,Other,4,135902_Exp2SynNMDAperm-ID-1;135903_Exp2SynNMDAperm-ID-1;182134_exp2synnmdaperm-ID-1;230861_exp2synnmdaperm-ID-1
2359,46839_Grc_sine-ID-1,Other,1,46839_Grc_sine-ID-1
2361,46839_Grc_lkg2-ID-1,Other,1,46839_Grc_lkg2-ID-1
2362,46839_grc_lkg1-ID-1,Other,1,46839_grc_lkg1-ID-1
2363,46839_grc_calc-ID-1,Other,1,46839_grc_calc-ID-1
2373,240116_fi-ID-1,Other,1,240116_fi-ID-1
2374,240116_gap-ID-1,Other,1,240116_gap-ID-1
2375,168591_fi_stdp-ID-1,Other,2,168591_fi_stdp-ID-1;240116_fi_stdp-ID-1
2376,240116_orn-ID-1,Other,1,240116_orn-ID-1
2377,240116_kdrmt-ID-1,Other,1,240116_kdrmt-ID-1
2378,240116_ampanmda-ID-1,Other,1,240116_ampanmda-ID-1
2379,240116_kamt-ID-1,Other,1,240116_kamt-ID-1
2380,240116_Gfluct-ID-1,Other,1,240116_Gfluct-ID-1
2381,151681_distrt-ID-1,Other,3,151681_distrt-ID-1;168591_distrt-ID-1;240116_distrt-ID-1
2382,240116_ks-ID-1,Other,1,240116_ks-ID-1
2383,137259_distr-ID-1,Other,1,137259_distr-ID-1
2384,223649_IT_huguenard-ID-1,Other,1,223649_IT_huguenard-ID-1
2386,223649_IL_gutnick-ID-1,Other,1,223649_IL_gutnick-ID-1
2387,223649_IM_cortex-ID-1,Other,1,223649_IM_cortex-ID-1
2389,223649_HH_traub-ID-2,Other,1,223649_HH_traub-ID-2
2393,223649_INaP-ID-1,Other,1,223649_INaP-ID-1
2394,223649_cadecay-ID-2,Other,2,223649_cadecay-ID-2;223649_cadecay-ID-1
2396,223649_nafast-ID-1,Other,1,223649_nafast-ID-1
2397,223649_kA-ID-1,Other,1,223649_kA-ID-1
2399,223649_kO-ID-2,Other,1,223649_kO-ID-2
2401,223649_INaP-ID-2,Other,1,223649_INaP-ID-2
2402,223649_kca3-ID-2,Other,1,223649_kca3-ID-2
2406,223649_Ih-ID-2,Other,1,223649_Ih-ID-2
2407,223649_lcafixed-ID-2,Other,1,223649_lcafixed-ID-2
2409,223649_sahpNE-ID-1,Other,1,223649_sahpNE-ID-1
2410,223649_sahp-ID-1,Other,1,223649_sahp-ID-1
2413,223649_cat-ID-1,Other,1,223649_cat-ID-1
2415,150288_function_TMonitor-ID-1,Other,3,150288_function_TMonitor-ID-1;223649_function_TMonitor-ID-1;247968_function_TMonitor-ID-1
2417,150288_capool-ID-1,Other,3,150288_capool-ID-1;223649_capool-ID-2;223649_capool-ID-1
2421,223649_leakDA-ID-1,Other,1,223649_leakDA-ID-1
2422,223649_na3DA-ID-1,Other,1,223649_na3DA-ID-1
2423,223649_nap-ID-1,Other,1,223649_nap-ID-1
2424,223649_currentclamp-ID-1,Other,2,223649_currentclamp-ID-1;223649_currentclamp-ID-2
2425,223649_na3-ID-1,Other,1,223649_na3-ID-1
2426,223649_kdrca1DA-ID-1,Other,1,223649_kdrca1DA-ID-1
2427,223649_h-ID-1,Other,1,223649_h-ID-1
2428,223649_kaprox-ID-1,Other,1,223649_kaprox-ID-1
2429,150288_leak-ID-1,Other,4,150288_leak-ID-1;223649_leak-ID-1;223649_leak-ID-2;247968_leak-ID-1
2430,223649_kdrca1-ID-1,Other,1,223649_kdrca1-ID-1
2431,150288_leakinter-ID-1,Other,3,150288_leakinter-ID-1;223649_leakinter-ID-1;247968_leakinter-ID-1
2432,223649_im-ID-1,Other,1,223649_im-ID-1
2433,223649_cadyn-ID-1,Other,1,223649_cadyn-ID-1
2434,223649_sahpNE-ID-2,Other,2,223649_sahpNE-ID-2;247968_sahpNE-ID-1
2435,223649_sahp-ID-2,Other,2,223649_sahp-ID-2;247968_sahp-ID-1
2436,150288_leakDA-ID-1,Other,3,150288_leakDA-ID-1;223649_leakDA-ID-2;247968_leakDA-ID-1
2441,223649_h-ID-2,Other,2,223649_h-ID-2;247968_h-ID-1
2442,223649_kaprox-ID-2,Other,2,223649_kaprox-ID-2;247968_kaprox-ID-1
2443,223649_kdrca1-ID-2,Other,2,223649_kdrca1-ID-2;247968_kdrca1-ID-1
2449,223649_cagk-ID-2,Other,1,223649_cagk-ID-2
2450,223649_cacumm-ID-2,Other,1,223649_cacumm-ID-2
2451,223649_h-ID-4,Other,1,223649_h-ID-4
2454,223649_KahpM95-ID-2,Other,1,223649_KahpM95-ID-2
2458,267357_nmdasyn-ID-1,Other,1,267357_nmdasyn-ID-1
2459,267357_SecondThreshold-ID-1,Other,1,267357_SecondThreshold-ID-1
2460,267357_newleak-ID-1,Other,1,267357_newleak-ID-1
2461,267357_newcachan-ID-1,Other,1,267357_newcachan-ID-1
2462,267357_newhh3-ID-1,Other,1,267357_newhh3-ID-1
2463,267357_newkca-ID-1,Other,1,267357_newkca-ID-1
2464,267357_pump-ID-1,Other,1,267357_pump-ID-1
2465,267357_nabalan-ID-1,Other,1,267357_nabalan-ID-1
2466,267357_cabal-ID-1,Other,1,267357_cabal-ID-1
2467,267357_Ierg-ID-1,Other,1,267357_Ierg-ID-1
2472,146030_Ca_mit_conc_ChannelML-ID-1,Other,1,146030_Ca_mit_conc_ChannelML-ID-1
2476,146030_SynForRndSpike-ID-1,Other,1,146030_SynForRndSpike-ID-1
2477,146030_CurrentClampExt-ID-1,Other,1,146030_CurrentClampExt-ID-1
2478,146030_AMPA-ID-1,Other,1,146030_AMPA-ID-1
2479,146030_LeakConductance-ID-1,Other,1,146030_LeakConductance-ID-1
2481,244922_nahh-ID-1,Other,1,244922_nahh-ID-1
2482,244922_can2-ID-1,Other,1,244922_can2-ID-1
2483,244922_minmax-ID-1,Other,1,244922_minmax-ID-1
2484,244922_kdr-ID-1,Other,1,244922_kdr-ID-1
2485,244922_ghkampaC-ID-1,Other,1,244922_ghkampaC-ID-1
2486,244922_stp-ID-1,Other,1,244922_stp-ID-1
2487,244922_pulses-ID-1,Other,1,244922_pulses-ID-1
2488,244922_cal4-ID-1,Other,1,244922_cal4-ID-1
2489,244922_kadist-ID-1,Other,1,244922_kadist-ID-1
2490,244922_cal2-ID-1,Other,1,244922_cal2-ID-1
2491,94321_Isin-ID-1,Other,1,94321_Isin-ID-1
2492,94321_Izap-ID-1,Other,1,94321_Izap-ID-1
2495,143671_Gfluctdv-ID-1,Other,4,143671_Gfluctdv-ID-1;183949_Gfluctdv-ID-1;217882_Gfluctdv-ID-1;239582_Gfluctdv-ID-1
2501,123453_Caint-ID-1,Other,1,123453_Caint-ID-1
2502,123453_VSFP23M3-ID-1,Other,1,123453_VSFP23M3-ID-1
2504,123453_leak-ID-1,Other,1,123453_leak-ID-1
2506,123453_VSFP31M3-ID-1,Other,1,123453_VSFP31M3-ID-1
2507,260971_ProbAMPANMDA2groupdet-ID-1,Other,1,260971_ProbAMPANMDA2groupdet-ID-1
2508,260971_ProbAMPANMDA_EMS-ID-1,Other,1,260971_ProbAMPANMDA_EMS-ID-1
2509,260971_ProbAMPANMDA2group-ID-1,Other,1,260971_ProbAMPANMDA2group-ID-1
2510,260971_ProbAMPANMDA_EMS_groupdet-ID-1,Other,1,260971_ProbAMPANMDA_EMS_groupdet-ID-1
2511,260971_ProbAMPANMDA_EMS_group-ID-1,Other,1,260971_ProbAMPANMDA_EMS_group-ID-1
2512,260971_ProbGABAAB_EMS_group-ID-1,Other,1,260971_ProbGABAAB_EMS_group-ID-1
2513,260971_ProbGABAAB_EMS-ID-1,Other,1,260971_ProbGABAAB_EMS-ID-1
2514,260971_ProbAMPANMDA2-ID-1,Other,1,260971_ProbAMPANMDA2-ID-1
2515,260971_ProbAMPANMDA_EMST-ID-1,Other,1,260971_ProbAMPANMDA_EMST-ID-1
2516,150538_cad2-ID-1,Other,1,150538_cad2-ID-1
2519,150538_GABABsyn-ID-1,Other,1,150538_GABABsyn-ID-1
2520,150538_NMDAr-ID-1,Other,1,150538_NMDAr-ID-1
2524,136715_nadifl-ID-1,Other,1,136715_nadifl-ID-1
2531,267508_chan_CaL13-ID-1,Other,1,267508_chan_CaL13-ID-1
2532,267508_chan_KDR-ID-1,Other,1,267508_chan_KDR-ID-1
2533,267508_chan_CaL12-ID-1,Other,1,267508_chan_CaL12-ID-1
2534,267508_NMDA-ID-1,Other,1,267508_NMDA-ID-1
2535,267508_chan_CaT-ID-1,Other,1,267508_chan_CaT-ID-1
2536,267508_chan_Cadyn-ID-1,Other,1,267508_chan_Cadyn-ID-1
2537,267508_chan_CaR-ID-1,Other,1,267508_chan_CaR-ID-1
2538,267508_chan_CaKdyn-ID-1,Other,1,267508_chan_CaKdyn-ID-1
2539,267508_chan_CaQ-ID-1,Other,1,267508_chan_CaQ-ID-1
2540,267508_chan_hBKKCa-ID-1,Other,1,267508_chan_hBKKCa-ID-1
2541,267508_chan_CaN-ID-1,Other,1,267508_chan_CaN-ID-1
2542,267508_AMPA-ID-1,Other,1,267508_AMPA-ID-1
2543,230861_noisesyn-ID-1,Other,1,230861_noisesyn-ID-1
2544,182134_halfgap-ID-1,Other,2,182134_halfgap-ID-1;230861_halfgap-ID-1
2545,239145_vecevent-ID-1,Other,3,239145_vecevent-ID-1;262670_vecevent-ID-1;266871_vecevent-ID-1
2546,150446_Ipulse3-ID-1,Other,2,150446_Ipulse3-ID-1;266871_ipulse3-ID-1
2547,9888_stock-ID-1,Other,1,9888_stock-ID-1
2548,144538_stats-ID-1,Other,1,144538_stats-ID-1
2549,144538_infot-ID-1,Other,1,144538_infot-ID-1
2550,144538_intfsw-ID-1,Other,1,144538_intfsw-ID-1
2551,144538_updown-ID-1,Other,1,144538_updown-ID-1
2552,144538_vecst-ID-1,Other,1,144538_vecst-ID-1
2553,144538_misc-ID-1,Other,1,144538_misc-ID-1
2554,144538_intf6_-ID-1,Other,1,144538_intf6_-ID-1
2555,144538_drspk-ID-1,Other,3,144538_drspk-ID-1;150245_drspk-ID-1;183014_drspk-ID-1
2559,139150_linsyn-ID-1,Other,1,139150_linsyn-ID-1
2560,139150_glutamate-ID-1,Other,1,139150_glutamate-ID-1
2561,139150_inhib-ID-1,Other,1,139150_inhib-ID-1
2562,128446_Nmda-ID-1,Other,1,128446_Nmda-ID-1
2563,128446_Ampa-ID-1,Other,1,128446_Ampa-ID-1
2564,128446_pregen2-ID-1,Other,1,128446_pregen2-ID-1
2565,247968_xtra_imemrec-ID-1,Other,1,247968_xtra_imemrec-ID-1
2566,247968_pyrD2interD_STFD-ID-1,Other,1,247968_pyrD2interD_STFD-ID-1
2567,21329_gap-ID-1,Other,2,21329_gap-ID-1;247968_gap-ID-1
2568,247968_vecevent-ID-1,Other,1,247968_vecevent-ID-1
2569,247968_capool-ID-1,Other,1,247968_capool-ID-1
2570,247968_Gfluct_new_inh-ID-1,Other,1,247968_Gfluct_new_inh-ID-1
2571,247968_interD2pyrD_STFD_new-ID-1,Other,1,247968_interD2pyrD_STFD_new-ID-1
2572,247968_interD2interD_STFD_new-ID-1,Other,1,247968_interD2interD_STFD_new-ID-1
2573,247968_kadist-ID-1,Other,1,247968_kadist-ID-1
2574,247968_bg2pyr-ID-1,Other,1,247968_bg2pyr-ID-1
2575,247968_Gfluct_new_exc-ID-1,Other,1,247968_Gfluct_new_exc-ID-1
2576,247968_pyrD2pyrD_STFD_new-ID-1,Other,1,247968_pyrD2pyrD_STFD_new-ID-1
2577,247968_halfgap-ID-1,Other,1,247968_halfgap-ID-1
2578,247968_xtra-ID-1,Other,1,247968_xtra-ID-1
2585,222359_exp2syn_depress-ID-1,Other,1,222359_exp2syn_depress-ID-1
2587,151825_cad-ID-1,Other,1,151825_cad-ID-1
2595,262670_naf_wustenberg-ID-1,Other,1,262670_naf_wustenberg-ID-1
2596,262670_ka_wustenberg-ID-1,Other,1,262670_ka_wustenberg-ID-1
2597,262670_gradedsyn-ID-1,Other,1,262670_gradedsyn-ID-1
2598,262670_kst_wustenberg-ID-1,Other,1,262670_kst_wustenberg-ID-1
2599,262670_izhigs-ID-1,Other,1,262670_izhigs-ID-1
2600,262670_nas_wustenberg-ID-1,Other,1,262670_nas_wustenberg-ID-1
2601,262670_kv_wustenberg-ID-1,Other,1,262670_kv_wustenberg-ID-1
2605,19022_basket_syn-ID-1,Other,4,19022_basket_syn-ID-1;3801_basket_syn-ID-1;64195_syn-ID-1;168148_syn-ID-1
2611,124043_glutamate-ID-1,Other,2,124043_glutamate-ID-1;180373_glutamate-ID-1
2612,124043_cad2-ID-1,Other,1,124043_cad2-ID-1
2615,266823_cldif_CA3_NKCC1_HCO3-ID-8,Other,19,266823_cldif_CA3_NKCC1_HCO3-ID-8;266823_cldif_CA3_NKCC1_HCO3-ID-14;266823_cldif_CA3_NKCC1_HCO3-ID-7;266823_cldif_CA3_NKCC1_HCO3-ID-13;266823_cldif_CA3_NKCC1_HCO3-ID-5;266823_cldif_CA3_NKCC1_HCO3-ID-9;266823_cldif_CA3_NKCC1_HCO3-ID-4;266823_cldif_CA3_NKCC1_HCO3-ID-17;266823_cldif_CA3_NKCC1_HCO3-ID-3;266823_cldif_CA3_NKCC1_HCO3-ID-2;266823_cldif_CA3_NKCC1_HCO3-ID-10;266823_cldif_CA3_NKCC1_HCO3-ID-11;266823_cldif_CA3_NKCC1_HCO3-ID-19;266823_cldif_CA3_NKCC1_HCO3-ID-18;266823_cldif_CA3_NKCC1_HCO3-ID-15;266823_cldif_CA3_NKCC1_HCO3-ID-1;266823_cldif_CA3_NKCC1_HCO3-ID-6;266823_cldif_CA3_NKCC1_HCO3-ID-16;266823_cldif_CA3_NKCC1_HCO3-ID-12
2616,253369_gabaA_Cl_HCO3-ID-4,Other,34,253369_gabaA_Cl_HCO3-ID-4;253369_gabaA_Cl_HCO3-ID-13;253369_gabaA_Cl_HCO3-ID-6;253369_gabaA_Cl_HCO3-ID-9;253369_gabaA_Cl_HCO3-ID-14;253369_gabaA_Cl_HCO3-ID-2;253369_gabaA_Cl_HCO3-ID-8;253369_gabaA_Cl_HCO3-ID-3;253369_gabaA_Cl_HCO3-ID-1;253369_gabaA_Cl_HCO3-ID-12;253369_gabaA_Cl_HCO3-ID-5;253369_gabaA_Cl_HCO3-ID-7;253369_gabaA_Cl_HCO3-ID-10;253369_gabaA_Cl_HCO3-ID-11;266811_gabaA_Cl_HCO3-ID-1;266823_gabaA_Cl_HCO3-ID-18;266823_gabaA_Cl_HCO3-ID-16;266823_gabaA_Cl_HCO3-ID-2;266823_gabaA_Cl_HCO3-ID-11;266823_gabaA_Cl_HCO3-ID-14;266823_gabaA_Cl_HCO3-ID-19;266823_gabaA_Cl_HCO3-ID-8;266823_gabaA_Cl_HCO3-ID-6;266823_gabaA_Cl_HCO3-ID-7;266823_gabaA_Cl_HCO3-ID-5;266823_gabaA_Cl_HCO3-ID-9;266823_gabaA_Cl_HCO3-ID-13;266823_gabaA_Cl_HCO3-ID-10;266823_gabaA_Cl_HCO3-ID-4;266823_gabaA_Cl_HCO3-ID-3;266823_gabaA_Cl_HCO3-ID-12;266823_gabaA_Cl_HCO3-ID-1;266823_gabaA_Cl_HCO3-ID-17;266823_gabaA_Cl_HCO3-ID-15
2617,266811_tonic-ID-1,Other,3,266811_tonic-ID-1;266823_tonic-ID-1;266823_tonic-ID-2
2619,267106_nmdaSyn-ID-1,Other,1,267106_nmdaSyn-ID-1
2620,258946_exc-ID-1,Other,3,258946_exc-ID-1;258867_exc-ID-1;267106_exc-ID-1
2621,267106_K_Tst-ID-1,Other,1,267106_K_Tst-ID-1
2622,267106_na8st-ID-1,Other,1,267106_na8st-ID-1
2623,267106_na8stX-ID-1,Other,1,267106_na8stX-ID-1
2624,258946_inh-ID-1,Other,2,258946_inh-ID-1;267106_inh-ID-1
2625,267106_K_Pst-ID-1,Other,1,267106_K_Pst-ID-1
2629,195666_LGMD_hcn-ID-1,Other,3,195666_LGMD_hcn-ID-1;256024_LGMD_hcn-ID-1;267594_LGMD_hcn-ID-1
2630,195666_chirp-ID-1,Other,1,195666_chirp-ID-1
2631,195666_LGMD_IM-ID-1,Other,1,195666_LGMD_IM-ID-1
2632,195666_LGMD_cAMP-ID-1,Other,3,195666_LGMD_cAMP-ID-1;256024_LGMD_cAMP-ID-1;267594_LGMD_cAMP-ID-1
2633,195666_LGMD_NaP-ID-1,Other,1,195666_LGMD_NaP-ID-1
2634,195666_LGMD_CaL-ID-1,Other,3,195666_LGMD_CaL-ID-1;256024_LGMD_CaL-ID-1;267594_LGMD_CaL-ID-1
2635,195666_sEPSP-ID-1,Other,1,195666_sEPSP-ID-1
2636,195666_LGMD_KdrF-ID-1,Other,1,195666_LGMD_KdrF-ID-1
2637,195666_cdp-ID-1,Other,3,195666_cdp-ID-1;256024_cdp-ID-1;267594_cdp-ID-1
2638,195666_LGMD_KD_ca3-ID-1,Other,1,195666_LGMD_KD_ca3-ID-1
2639,195666_AlphaSynapseCa-ID-1,Other,3,195666_AlphaSynapseCa-ID-1;256024_AlphaSynapseCa-ID-1;267594_AlphaSynapseCa-ID-1
2640,195666_LGMD_Ca-ID-1,Other,3,195666_LGMD_Ca-ID-1;256024_LGMD_Ca-ID-1;267594_LGMD_Ca-ID-1
2641,195666_LGMD_KCa-ID-1,Other,1,195666_LGMD_KCa-ID-1
2642,195666_LGMD_CaT-ID-1,Other,1,195666_LGMD_CaT-ID-1
2643,195666_LGMD_HH_Kdr-ID-1,Other,1,195666_LGMD_HH_Kdr-ID-1
2644,195666_LGMD_Na-ID-1,Other,1,195666_LGMD_Na-ID-1
2645,195666_LGMD_Ih2-ID-1,Other,1,195666_LGMD_Ih2-ID-1
2646,17663_capump-ID-1,Other,4,17663_capump-ID-1;53965_capump-ID-3;53965_capump-ID-2;53965_capump-ID-1
2648,259261_gabaASyn-ID-1,Other,2,259261_gabaASyn-ID-1;267596_gabaASyn-ID-1
2649,259261_ampaSyn-ID-1,Other,2,259261_ampaSyn-ID-1;267596_ampaSyn-ID-1
2650,185858_misc-ID-1,Other,1,185858_misc-ID-1
2652,114685_PARAK75-ID-2,Other,2,114685_PARAK75-ID-2;114685_PARAK75-ID-1
2653,114685_AXNODE75-ID-2,Other,2,114685_AXNODE75-ID-2;114685_AXNODE75-ID-1
2658,114685_gpi-ID-1,Other,1,114685_gpi-ID-1
2660,114685_cacum-ID-1,Other,1,114685_cacum-ID-1
2663,266848_h-ID-1,Other,1,266848_h-ID-1
2665,267509_ACC_IB-ID-1,Other,1,267509_ACC_IB-ID-1
2666,267509_A1_RS-ID-1,Other,1,267509_A1_RS-ID-1
2667,267509_IT-ID-1,Other,1,267509_IT-ID-1
2668,267509_gaba-ID-1,Other,1,267509_gaba-ID-1
2669,267509_HCN1r-ID-1,Other,1,267509_HCN1r-ID-1
2670,267509_ACC_RS-ID-1,Other,1,267509_ACC_RS-ID-1
2671,267509_A1_IB-ID-1,Other,1,267509_A1_IB-ID-1
2672,151282_stats-ID-1,Other,1,151282_stats-ID-1
2673,151282_ihstatic-ID-1,Other,2,151282_ihstatic-ID-1;258738_ihstatic-ID-1
2677,249404_nacurrent-ID-1,Other,1,249404_nacurrent-ID-1
2680,154732_cad-ID-1,Other,1,154732_cad-ID-1
2681,154732_distca-ID-1,Other,1,154732_distca-ID-1
2684,3511_mcn1-ID-1,Other,1,3511_mcn1-ID-1
2685,3511_int1s-ID-1,Other,1,3511_int1s-ID-1
2686,3511_gap-ID-1,Other,1,3511_gap-ID-1
2687,3511_int1-ID-1,Other,1,3511_int1-ID-1
2688,3511_int1_lg-ID-1,Other,1,3511_int1_lg-ID-1
2689,3511_mcn1_int1-ID-1,Other,1,3511_mcn1_int1-ID-1
2690,3511_mcn1_lg-ID-1,Other,1,3511_mcn1_lg-ID-1
2691,3511_lg_int1-ID-1,Other,1,3511_lg_int1-ID-1
2692,3511_lg_mcn1-ID-1,Other,1,3511_lg_mcn1-ID-1
2693,3511_pass-ID-1,Other,1,3511_pass-ID-1
2694,3511_lg-ID-1,Other,1,3511_lg-ID-1
2695,3511_gapvdep-ID-1,Other,1,3511_gapvdep-ID-1
2696,52034_glu-ID-1,Other,1,52034_glu-ID-1
2697,52034_seed-ID-1,Other,1,52034_seed-ID-1
2698,52034_noise-ID-1,Other,1,52034_noise-ID-1
2699,52034_NMDA-ID-1,Other,1,52034_NMDA-ID-1
2700,52034_holt_rnd-ID-1,Other,1,52034_holt_rnd-ID-1
2703,52034_holt_alphasyn-ID-1,Other,1,52034_holt_alphasyn-ID-1
2705,52034_precall-ID-1,Other,1,52034_precall-ID-1
2707,52034_cadecay-ID-1,Other,1,52034_cadecay-ID-1
2708,52034_AMPA-ID-1,Other,1,52034_AMPA-ID-1
2709,52034_fpoisson_generator-ID-1,Other,1,52034_fpoisson_generator-ID-1
2710,52034_GABAb-ID-1,Other,1,52034_GABAb-ID-1
2712,52034_dpresyn-ID-1,Other,2,52034_dpresyn-ID-1;113732_dpresyn-ID-1
2713,52034_GABAa-ID-1,Other,1,52034_GABAa-ID-1
2714,52034_pregen-ID-1,Other,1,52034_pregen-ID-1
2715,105507_stats-ID-1,Other,1,105507_stats-ID-1
2716,105507_vecst-ID-1,Other,1,105507_vecst-ID-1
2717,105507_misc-ID-1,Other,1,105507_misc-ID-1
2718,105507_intf_-ID-1,Other,1,105507_intf_-ID-1
2719,19591_naleak-ID-1,Other,1,19591_naleak-ID-1
2723,19591_nacaexch-ID-1,Other,1,19591_nacaexch-ID-1
2726,19591_cagrcdifus-ID-1,Other,1,19591_cagrcdifus-ID-1
2729,253369_VDpas-ID-4,Other,14,253369_VDpas-ID-4;253369_VDpas-ID-10;253369_VDpas-ID-6;253369_VDpas-ID-7;253369_VDpas-ID-3;253369_VDpas-ID-9;253369_VDpas-ID-11;253369_VDpas-ID-1;253369_VDpas-ID-2;253369_VDpas-ID-8;253369_VDpas-ID-12;253369_VDpas-ID-14;253369_VDpas-ID-13;253369_VDpas-ID-5
2730,253369_cldif_CA3-ID-1,Other,4,253369_cldif_CA3-ID-1;253369_cldif_CA3-ID-4;253369_cldif_CA3-ID-2;253369_cldif_CA3-ID-3
2731,253369_cldif_CA3_NKCC1_HCO3-ID-6,Other,15,253369_cldif_CA3_NKCC1_HCO3-ID-6;253369_cldif_CA3_NKCC1_HCO3-ID-9;253369_cldif_CA3_NKCC1_HCO3-ID-7;253369_cldif_CA3_NKCC1_HCO3-ID-5;253369_cldif_CA3_NKCC1_HCO3-ID-13;253369_cldif_CA3_NKCC1_HCO3-ID-11;253369_cldif_CA3_NKCC1_HCO3-ID-8;253369_cldif_CA3_NKCC1_HCO3-ID-4;253369_cldif_CA3_NKCC1_HCO3-ID-14;253369_cldif_CA3_NKCC1_HCO3-ID-12;253369_cldif_CA3_NKCC1_HCO3-ID-3;253369_cldif_CA3_NKCC1_HCO3-ID-2;253369_cldif_CA3_NKCC1_HCO3-ID-1;253369_cldif_CA3_NKCC1_HCO3-ID-10;266811_cldif_CA3_NKCC1_HCO3-ID-1
2733,3793_glusyn-ID-1,Other,1,3793_glusyn-ID-1
2734,3793_inhisyn-ID-1,Other,1,3793_inhisyn-ID-1
2737,235769_module1_2-ID-4,Other,4,235769_module1_2-ID-4;235769_module1_2-ID-3;235769_module1_2-ID-2;235769_module1_2-ID-1
2738,235769_mStepSyn-ID-1,Other,1,235769_mStepSyn-ID-1
2739,235769_mStepIClamp-ID-1,Other,1,235769_mStepIClamp-ID-1
2741,266802_0_nmda-ID-2,Other,6,266802_0_nmda-ID-2;266802_0_nmda-ID-1;266802_0_nmda-ID-4;266802_0_nmda-ID-6;266802_0_nmda-ID-5;266802_nmda-ID-1
2743,266802_0_syn_g-ID-1,Other,2,266802_0_syn_g-ID-1;266802_0_syn_g-ID-6
2745,266802_0_syn_g-ID-4,Other,5,266802_0_syn_g-ID-4;266802_0_syn_g-ID-3;266802_0_syn_g-ID-5;266802_syn_g-ID-1;266802_0_syn_g-ID-2
2746,266802_0_nmda-ID-3,Other,1,266802_0_nmda-ID-3
2747,266802_0_SlowAMPA22-ID-1,Other,1,266802_0_SlowAMPA22-ID-1
2748,266802_0_SlowAMPA45-ID-1,Other,1,266802_0_SlowAMPA45-ID-1
2749,266802_0_FastNMDA3dot15nS-ID-1,Other,1,266802_0_FastNMDA3dot15nS-ID-1
2750,266802_0_FastNMDA1dot25nS-ID-1,Other,1,266802_0_FastNMDA1dot25nS-ID-1
2751,266802_0_nmda735pS-ID-1,Other,1,266802_0_nmda735pS-ID-1
2752,266802_0_nmda345pS-ID-1,Other,1,266802_0_nmda345pS-ID-1
2753,241240_Nav16-ID-1,Other,1,241240_Nav16-ID-1
2754,241240_ab4BK2-ID-1,Other,1,241240_ab4BK2-ID-1
2755,241240_SK-ID-1,Other,1,241240_SK-ID-1
2756,241240_ribbon1-ID-1,Other,1,241240_ribbon1-ID-1
2757,241240_random-ID-1,Other,1,241240_random-ID-1
2758,241240_Kv12-ID-1,Other,1,241240_Kv12-ID-1
2759,241240_cdp13-ID-1,Other,1,241240_cdp13-ID-1
2760,241240_hc1-ID-1,Other,1,241240_hc1-ID-1
2761,241240_H_HCNl-ID-1,Other,1,241240_H_HCNl-ID-1
2762,241240_cdp-ID-1,Other,1,241240_cdp-ID-1
2763,241240_afhcsyn_i0-ID-1,Other,1,241240_afhcsyn_i0-ID-1
2764,241240_Kv7M-ID-1,Other,1,241240_Kv7M-ID-1
2765,241240_Kv43A-ID-1,Other,1,241240_Kv43A-ID-1
2766,241240_Kv31-ID-1,Other,1,241240_Kv31-ID-1
2767,241240_Kv3s-ID-1,Other,1,241240_Kv3s-ID-1
2768,241240_caL-ID-1,Other,1,241240_caL-ID-1
2769,184732_na-ID-1,Other,1,184732_na-ID-1
2770,184732_nap-ID-1,Other,1,184732_nap-ID-1
2771,184732_k-ID-1,Other,1,184732_k-ID-1
2772,184732_leak-ID-1,Other,1,184732_leak-ID-1
2774,125385_RNG-ID-1,Other,1,125385_RNG-ID-1
2779,125385_cad2-ID-1,Other,1,125385_cad2-ID-1
2780,125385_child-ID-1,Other,2,125385_child-ID-1;138321_child-ID-1
2783,125385_myvmax-ID-1,Other,1,125385_myvmax-ID-1
2787,118662_v_atten-ID-1,Other,1,118662_v_atten-ID-1
2788,118662_LeakConductance-ID-1,Other,1,118662_LeakConductance-ID-1
2791,83547_nmda-ID-1,Other,1,83547_nmda-ID-1
2793,83547_nadif-ID-1,Other,1,83547_nadif-ID-1
2794,83547_capump-ID-1,Other,1,83547_capump-ID-1
2795,83547_cadif-ID-1,Other,1,83547_cadif-ID-1
2796,83547_leak-ID-1,Other,1,83547_leak-ID-1
2797,83547_pump-ID-1,Other,1,83547_pump-ID-1
2798,83547_ampa-ID-1,Other,1,83547_ampa-ID-1
2804,144526_charge-ID-1,Other,21,144526_charge-ID-1;223955_charge-ID-3;223955_charge-ID-17;223955_charge-ID-8;223955_charge-ID-14;223955_charge-ID-4;223955_charge-ID-5;223955_charge-ID-6;223955_charge-ID-12;223955_charge-ID-15;223955_charge-ID-1;223955_charge-ID-2;223955_charge-ID-16;223955_charge-ID-13;223955_charge-ID-18;223955_charge-ID-9;223955_charge-ID-11;223955_charge-ID-7;223955_charge-ID-20;223955_charge-ID-19;223955_charge-ID-10
2808,245417_naxn_J-ID-1,Other,1,245417_naxn_J-ID-1
2809,245417_kir-ID-1,Other,1,245417_kir-ID-1
2810,245417_can2t-ID-1,Other,1,245417_can2t-ID-1
2812,258738_stats-ID-1,Other,1,258738_stats-ID-1
2813,258738_km-ID-1,Other,1,258738_km-ID-1
2814,258738_samnutils-ID-1,Other,1,258738_samnutils-ID-1
2815,258738_IA-ID-1,Other,1,258738_IA-ID-1
2816,258738_sampen-ID-1,Other,1,258738_sampen-ID-1
2817,136095_updown-ID-1,Other,2,136095_updown-ID-1;258738_updown-ID-1
2818,258738_misc-ID-1,Other,1,258738_misc-ID-1
2819,258738_Gfluctp-ID-1,Other,4,258738_Gfluctp-ID-1;266851_Gfluctp-ID-2;266851_Gfluctp-ID-1;266851_Gfluctp-ID-3
2820,258738_HCN2-ID-1,Other,1,258738_HCN2-ID-1
2821,258738_expsynstdp-ID-1,Other,1,258738_expsynstdp-ID-1
2822,266498_nahh-ID-1,Other,2,266498_nahh-ID-1;267618_nahh-ID-1
2823,266498_KCa-ID-1,Other,1,266498_KCa-ID-1
2824,266498_naf97-ID-1,Other,1,266498_naf97-ID-1
2825,266498_nav1p9-ID-1,Other,1,266498_nav1p9-ID-1
2826,266498_cat-ID-2,Other,2,266498_cat-ID-2;266498_cat-ID-1
2827,266498_leakSchild-ID-1,Other,2,266498_leakSchild-ID-1;266498_leakSchild-ID-2
2828,266498_kna-ID-1,Other,1,266498_kna-ID-1
2829,266498_nattxs-ID-1,Other,1,266498_nattxs-ID-1
2830,266498_caextscale-ID-1,Other,1,266498_caextscale-ID-1
2831,266498_nas97mean-ID-2,Other,2,266498_nas97mean-ID-2;266498_nas97mean-ID-1
2832,266498_kds-ID-2,Other,2,266498_kds-ID-2;266498_kds-ID-1
2833,266498_caintscale-ID-2,Other,2,266498_caintscale-ID-2;266498_caintscale-ID-1
2834,266498_NaCX-ID-1,Other,1,266498_NaCX-ID-1
2835,266498_naf97mean-ID-1,Other,2,266498_naf97mean-ID-1;266498_naf97mean-ID-2
2836,266498_caint-ID-2,Other,2,266498_caint-ID-2;266498_caint-ID-1
2837,266498_caext-ID-2,Other,2,266498_caext-ID-2;266498_caext-ID-1
2838,266498_CaPump-ID-2,Other,2,266498_CaPump-ID-2;266498_CaPump-ID-1
2839,266498_naf-ID-2,Other,2,266498_naf-ID-2;266498_naf-ID-1
2840,266498_kdr_Tiger-ID-1,Other,1,266498_kdr_Tiger-ID-1
2841,266498_k_ion_dynamics-ID-1,Other,1,266498_k_ion_dynamics-ID-1
2842,266498_NakpumpSchild-ID-1,Other,2,266498_NakpumpSchild-ID-1;266498_NakpumpSchild-ID-2
2843,266498_nas-ID-2,Other,2,266498_nas-ID-2;266498_nas-ID-1
2844,266498_h-ID-1,Other,1,266498_h-ID-1
2845,266498_leak-ID-1,Other,1,266498_leak-ID-1
2846,266498_extrapump-ID-1,Other,1,266498_extrapump-ID-1
2847,266498_kext-ID-1,Other,1,266498_kext-ID-1
2848,266498_RattayAberham-ID-1,Other,1,266498_RattayAberham-ID-1
2849,266498_naext-ID-1,Other,1,266498_naext-ID-1
2850,266498_DNav18-ID-1,Other,1,266498_DNav18-ID-1
2851,266498_na_ion_dynamics-ID-1,Other,1,266498_na_ion_dynamics-ID-1
2852,266498_NaCaPump-ID-2,Other,2,266498_NaCaPump-ID-2;266498_NaCaPump-ID-1
2853,266498_kf-ID-1,Other,1,266498_kf-ID-1
2854,266498_kd-ID-1,Other,2,266498_kd-ID-1;266498_kd-ID-2
2855,266498_ks-ID-1,Other,1,266498_ks-ID-1
2856,266498_ka-ID-1,Other,2,266498_ka-ID-1;266498_ka-ID-2
2857,266498_can-ID-1,Other,2,266498_can-ID-1;266498_can-ID-2
2858,266498_Nakpump-ID-1,Other,1,266498_Nakpump-ID-1
2859,266498_nas97-ID-1,Other,1,266498_nas97-ID-1
2860,266498_acatVclamp-ID-1,Other,1,266498_acatVclamp-ID-1
2861,266498_aleakVclamp-ID-1,Other,1,266498_aleakVclamp-ID-1
2862,266498_akaVclamp-ID-1,Other,1,266498_akaVclamp-ID-1
2863,266498_aNakpumpVclamp-ID-1,Other,1,266498_aNakpumpVclamp-ID-1
2864,266498_acanVclamp-ID-1,Other,1,266498_acanVclamp-ID-1
2865,266498_akdVclamp-ID-1,Other,1,266498_akdVclamp-ID-1
2866,266498_aNaCaPumpVclamp-ID-1,Other,1,266498_aNaCaPumpVclamp-ID-1
2867,266498_aCaPumpVclamp-ID-1,Other,1,266498_aCaPumpVclamp-ID-1
2868,266498_akcaVclamp-ID-1,Other,1,266498_akcaVclamp-ID-1
2869,266498_acaintVclamp-ID-1,Other,1,266498_acaintVclamp-ID-1
2870,266498_acaextVclamp-ID-1,Other,1,266498_acaextVclamp-ID-1
2871,266498_anafVclamp-ID-1,Other,1,266498_anafVclamp-ID-1
2872,266498_akdsVclamp-ID-1,Other,1,266498_akdsVclamp-ID-1
2873,266498_anasVclamp-ID-1,Other,1,266498_anasVclamp-ID-1
2874,266498_kca-ID-1,Other,1,266498_kca-ID-1
2875,266498_caextscale-ID-2,Other,1,266498_caextscale-ID-2
2877,120692_nakpump-ID-1,Other,1,120692_nakpump-ID-1
2878,120692_ionleak-ID-1,Other,1,120692_ionleak-ID-1
2879,120692_nakpump1-ID-1,Other,1,120692_nakpump1-ID-1
2880,168310_ikscb-ID-1,Other,3,168310_ikscb-ID-1;237595_ikscb-ID-1;237595_ikscb-ID-2
2881,168310_NMDAIN-ID-1,Other,3,168310_NMDAIN-ID-1;237595_NMDAIN-ID-1;237595_NMDAIN-ID-2
2884,168310_kcain-ID-1,Other,3,168310_kcain-ID-1;237595_kcain-ID-2;237595_kcain-ID-1
2885,168310_ican-ID-1,Other,3,168310_ican-ID-1;237595_ican-ID-1;237595_ican-ID-2
2887,168310_kaproxin-ID-1,Other,3,168310_kaproxin-ID-1;237595_kaproxin-ID-1;237595_kaproxin-ID-2
2888,168310_gabaain-ID-1,Other,3,168310_gabaain-ID-1;237595_gabaain-ID-2;237595_gabaain-ID-1
2889,168310_kadistin-ID-1,Other,3,168310_kadistin-ID-1;237595_kadistin-ID-1;237595_kadistin-ID-2
2890,168310_iccb-ID-1,Other,3,168310_iccb-ID-1;237595_iccb-ID-1;237595_iccb-ID-2
2893,168310_kdrcb-ID-1,Other,3,168310_kdrcb-ID-1;237595_kdrcb-ID-2;237595_kdrcb-ID-1
2894,168310_kaprox-ID-1,Other,3,168310_kaprox-ID-1;237595_kaprox-ID-1;237595_kaprox-ID-2
2895,168310_ampa-ID-1,Other,3,168310_ampa-ID-1;237595_ampa-ID-1;237595_ampa-ID-2
2896,168310_icin-ID-1,Other,3,168310_icin-ID-1;237595_icin-ID-2;237595_icin-ID-1
2898,168310_cadynin-ID-1,Other,3,168310_cadynin-ID-1;237595_cadynin-ID-2;237595_cadynin-ID-1
2899,168310_kaproxcb-ID-1,Other,3,168310_kaproxcb-ID-1;237595_kaproxcb-ID-1;237595_kaproxcb-ID-2
2900,118631_Isinunoisy2-ID-1,Other,1,118631_Isinunoisy2-ID-1
2902,118631_Isinunoisy-ID-1,Other,1,118631_Isinunoisy-ID-1
2903,97917_alphasyndiffeq-ID-1,Other,1,97917_alphasyndiffeq-ID-1
2905,97917_ri-ID-1,Other,1,97917_ri-ID-1
2906,97917_traub_nmda-ID-1,Other,1,97917_traub_nmda-ID-1
2910,97917_ampa-ID-1,Other,1,97917_ampa-ID-1
2911,97917_rand-ID-1,Other,2,97917_rand-ID-1;244262_rand-ID-1
2912,97917_gabaa-ID-1,Other,1,97917_gabaa-ID-1
2916,265584_GRANULE_Nmda_det_vi-ID-4,Other,5,265584_GRANULE_Nmda_det_vi-ID-4;265584_GRANULE_Nmda_det_vi-ID-1;265584_GRANULE_Nmda_det_vi-ID-2;265584_GRANULE_Nmda_det_vi-ID-3;267189_GRANULE_Nmda_det_vi-ID-1
2917,267189_GRC_GABA-ID-1,Other,1,267189_GRC_GABA-ID-1
2918,265584_GRANULE_Ampa_det_vi-ID-3,Other,5,265584_GRANULE_Ampa_det_vi-ID-3;265584_GRANULE_Ampa_det_vi-ID-2;265584_GRANULE_Ampa_det_vi-ID-1;265584_GRANULE_Ampa_det_vi-ID-4;267189_GRANULE_Ampa_det_vi-ID-1
2919,267189_rampiclamp-ID-1,Other,2,267189_rampiclamp-ID-1;267189_rampiclamp-ID-2
2920,267189_GRC_NA-ID-1,Other,1,267189_GRC_NA-ID-1
2921,267189_fzap_DC-ID-1,Other,3,267189_fzap_DC-ID-1;267189_fzap_DC-ID-3;267189_fzap_DC-ID-2
2922,267189_xtrau_nl-ID-1,Other,1,267189_xtrau_nl-ID-1
2923,267189_xtrau_nl_const-ID-1,Other,1,267189_xtrau_nl_const-ID-1
2924,267189_lenconst-ID-2,Other,2,267189_lenconst-ID-2;267189_lenconst-ID-1
2926,184139_Exp2GluSyn-ID-1,Other,1,184139_Exp2GluSyn-ID-1
2930,144586_stats-ID-1,Other,1,144586_stats-ID-1
2931,144586_bnet-ID-1,Other,1,144586_bnet-ID-1
2932,144586_vecst-ID-1,Other,1,144586_vecst-ID-1
2933,144586_misc-ID-1,Other,1,144586_misc-ID-1
2934,26997_vecst-ID-1,Other,1,26997_vecst-ID-1
2935,267384_branching-ID-1,Other,1,267384_branching-ID-1
2936,267384_K_Tst-ID-1,Other,1,267384_K_Tst-ID-1
2937,267142_NaundrfAP-ID-8,Other,15,267142_NaundrfAP-ID-8;267142_NaundrfAP-ID-11;267142_NaundrfAP-ID-13;267142_NaundrfAP-ID-15;267142_NaundrfAP-ID-3;267142_NaundrfAP-ID-2;267142_NaundrfAP-ID-10;267142_NaundrfAP-ID-5;267142_NaundrfAP-ID-9;267142_NaundrfAP-ID-14;267142_NaundrfAP-ID-6;267142_NaundrfAP-ID-12;267142_NaundrfAP-ID-1;267142_NaundrfAP-ID-4;267142_NaundrfAP-ID-7
2938,267142_tonicGABA-ID-1,Other,3,267142_tonicGABA-ID-1;267142_tonicGABA-ID-2;267142_tonicGABA-ID-3
2939,266851_h_harnett-ID-1,Other,1,266851_h_harnett-ID-1
2940,266851_Gfluctp_old2-ID-2,Other,2,266851_Gfluctp_old2-ID-2;266851_Gfluctp_old2-ID-1
2941,266851_Gfluctp_old-ID-1,Other,2,266851_Gfluctp_old-ID-1;266851_Gfluctp_old-ID-2
2942,266851_Gfluct-ID-1,Other,2,266851_Gfluct-ID-1;266851_Gfluct-ID-2
2943,266851_na-ID-3,Other,2,266851_na-ID-3;266851_na-ID-2
2945,108459_cad-ID-1,Other,1,108459_cad-ID-1
2947,39949_gspike-ID-1,Other,1,39949_gspike-ID-1
2950,39949_damsg-ID-1,Other,1,39949_damsg-ID-1
2951,39949_leak-ID-1,Other,1,39949_leak-ID-1
2953,260967_Kv7-ID-1,Other,1,260967_Kv7-ID-1
2954,260967_KCa-ID-1,Other,1,260967_KCa-ID-1
2955,260967_CaT-ID-1,Other,1,260967_CaT-ID-1
2956,260967_Kv1-ID-1,Other,1,260967_Kv1-ID-1
2957,260967_Cad-ID-1,Other,1,260967_Cad-ID-1
2958,260967_Na-ID-1,Other,1,260967_Na-ID-1
2959,260967_Nax-ID-1,Other,1,260967_Nax-ID-1
2960,260967_Nap-ID-1,Other,1,260967_Nap-ID-1
2961,260967_Kv1ax-ID-1,Other,1,260967_Kv1ax-ID-1
2962,260967_H-ID-1,Other,1,260967_H-ID-1
2963,260967_CaH-ID-1,Other,1,260967_CaH-ID-1
2964,260967_Nais-ID-1,Other,1,260967_Nais-ID-1
2965,260967_Kv-ID-1,Other,1,260967_Kv-ID-1
2966,19747_coh-ID-1,Other,1,19747_coh-ID-1
2968,19747_ampa-ID-1,Other,1,19747_ampa-ID-1
2976,223031_ingauss-ID-3,Other,5,223031_ingauss-ID-3;223031_ingauss-ID-1;223031_ingauss-ID-4;223031_ingauss-ID-5;223031_ingauss-ID-2
2977,223031_Nap-ID-3,Other,5,223031_Nap-ID-3;223031_Nap-ID-4;223031_Nap-ID-5;223031_Nap-ID-2;223031_Nap-ID-1
2978,223031_Ksoma-ID-4,Other,4,223031_Ksoma-ID-4;223031_Ksoma-ID-3;223031_Ksoma-ID-2;223031_Ksoma-ID-1
2979,144385_nmda-ID-1,Other,3,144385_nmda-ID-1;116769_nmda-ID-1;231427_nmda-ID-1
2981,144385_ampa-ID-1,Other,3,144385_ampa-ID-1;116769_ampa-ID-1;231427_ampa-ID-1
2982,144385_canmda-ID-1,Other,3,144385_canmda-ID-1;116769_canmda-ID-1;231427_canmda-ID-1
2983,147538_cad-ID-1,Other,2,147538_cad-ID-1;231427_cad-ID-1
2984,147538_ghknmda-ID-1,Other,1,147538_ghknmda-ID-1
2986,147538_Wghkampa-ID-1,Other,1,147538_Wghkampa-ID-1
2993,144520_nacum-ID-1,Other,1,144520_nacum-ID-1
2994,144520_kcum-ID-1,Other,1,144520_kcum-ID-1
2995,144520_isi-ID-1,Other,1,144520_isi-ID-1
2996,144520_inaca-ID-1,Other,1,144520_inaca-ID-1
2997,144520_cadynam-ID-1,Other,1,144520_cadynam-ID-1
3000,144520_inak-ID-1,Other,1,144520_inak-ID-1
3001,168148_kca-ID-1,Other,1,168148_kca-ID-1
3002,168148_HCN2r-ID-1,Other,1,168148_HCN2r-ID-1
3003,168148_km-ID-1,Other,1,168148_km-ID-1
3004,168148_caT-ID-1,Other,1,168148_caT-ID-1
3005,168148_cad-ID-1,Other,1,168148_cad-ID-1
3008,168148_kaprox-ID-1,Other,1,168148_kaprox-ID-1
3009,168148_HCN1r-ID-1,Other,1,168148_HCN1r-ID-1
3010,168148_kBK-ID-1,Other,1,168148_kBK-ID-1
3011,168148_kadist-ID-1,Other,1,168148_kadist-ID-1
3013,262233_kdrs1-ID-1,Other,1,262233_kdrs1-ID-1
3014,267595_K_T-ID-1,Other,13,267595_K_T-ID-1;267587_K_T-ID-12;267587_K_T-ID-7;267587_K_T-ID-8;267587_K_T-ID-5;267587_K_T-ID-2;267587_K_T-ID-1;267587_K_T-ID-4;267587_K_T-ID-3;267587_K_T-ID-11;267587_K_T-ID-10;267587_K_T-ID-9;267587_K_T-ID-6
3015,267595_Ca_LVA-ID-1,Other,13,267595_Ca_LVA-ID-1;267587_Ca_LVA-ID-9;267587_Ca_LVA-ID-8;267587_Ca_LVA-ID-3;267587_Ca_LVA-ID-4;267587_Ca_LVA-ID-6;267587_Ca_LVA-ID-12;267587_Ca_LVA-ID-5;267587_Ca_LVA-ID-7;267587_Ca_LVA-ID-11;267587_Ca_LVA-ID-10;267587_Ca_LVA-ID-2;267587_Ca_LVA-ID-1
3016,267595_NaTg-ID-1,Other,13,267595_NaTg-ID-1;267587_NaTg-ID-1;267587_NaTg-ID-11;267587_NaTg-ID-10;267587_NaTg-ID-7;267587_NaTg-ID-12;267587_NaTg-ID-9;267587_NaTg-ID-8;267587_NaTg-ID-2;267587_NaTg-ID-5;267587_NaTg-ID-3;267587_NaTg-ID-6;267587_NaTg-ID-4
3017,267595_Ca_HVA-ID-1,Other,13,267595_Ca_HVA-ID-1;267587_Ca_HVA-ID-7;267587_Ca_HVA-ID-11;267587_Ca_HVA-ID-3;267587_Ca_HVA-ID-5;267587_Ca_HVA-ID-9;267587_Ca_HVA-ID-1;267587_Ca_HVA-ID-4;267587_Ca_HVA-ID-10;267587_Ca_HVA-ID-12;267587_Ca_HVA-ID-8;267587_Ca_HVA-ID-6;267587_Ca_HVA-ID-2
3018,267595_K_P-ID-1,Other,13,267595_K_P-ID-1;267587_K_P-ID-8;267587_K_P-ID-3;267587_K_P-ID-5;267587_K_P-ID-9;267587_K_P-ID-4;267587_K_P-ID-7;267587_K_P-ID-1;267587_K_P-ID-12;267587_K_P-ID-11;267587_K_P-ID-2;267587_K_P-ID-6;267587_K_P-ID-10
3019,267595_Nap-ID-1,Other,13,267595_Nap-ID-1;267587_Nap-ID-10;267587_Nap-ID-4;267587_Nap-ID-9;267587_Nap-ID-7;267587_Nap-ID-6;267587_Nap-ID-11;267587_Nap-ID-8;267587_Nap-ID-12;267587_Nap-ID-1;267587_Nap-ID-2;267587_Nap-ID-3;267587_Nap-ID-5
3020,267587_ProbAMPANMDA2-ID-1,Other,2,267587_ProbAMPANMDA2-ID-1;267587_ProbAMPANMDA2-ID-2
3021,267595_Gfluct-ID-1,Other,6,267595_Gfluct-ID-1;267587_Gfluct-ID-1;267587_Gfluct-ID-4;267587_Gfluct-ID-5;267587_Gfluct-ID-2;267587_Gfluct-ID-3
3022,267595_Im-ID-1,Other,13,267595_Im-ID-1;267587_Im-ID-8;267587_Im-ID-12;267587_Im-ID-9;267587_Im-ID-11;267587_Im-ID-6;267587_Im-ID-4;267587_Im-ID-5;267587_Im-ID-1;267587_Im-ID-7;267587_Im-ID-10;267587_Im-ID-3;267587_Im-ID-2
3023,267595_Ih-ID-1,Other,13,267595_Ih-ID-1;267587_Ih-ID-12;267587_Ih-ID-10;267587_Ih-ID-1;267587_Ih-ID-5;267587_Ih-ID-9;267587_Ih-ID-4;267587_Ih-ID-3;267587_Ih-ID-8;267587_Ih-ID-6;267587_Ih-ID-7;267587_Ih-ID-11;267587_Ih-ID-2
3024,267595_SK-ID-1,Other,11,267595_SK-ID-1;267587_SK-ID-11;267587_SK-ID-3;267587_SK-ID-12;267587_SK-ID-6;267587_SK-ID-10;267587_SK-ID-5;267587_SK-ID-9;267587_SK-ID-7;267587_SK-ID-8;267587_SK-ID-4
3025,267595_tonic-ID-1,Other,4,267595_tonic-ID-1;267587_tonic-ID-1;267587_tonic-ID-3;267587_tonic-ID-2
3026,267595_ProbAMPANMDA-ID-1,Other,4,267595_ProbAMPANMDA-ID-1;267587_ProbAMPANMDA-ID-3;267587_ProbAMPANMDA-ID-2;267587_ProbAMPANMDA-ID-1
3027,267595_ProbUDFsyn-ID-1,Other,4,267595_ProbUDFsyn-ID-1;267587_ProbUDFsyn-ID-1;267587_ProbUDFsyn-ID-2;267587_ProbUDFsyn-ID-3
3028,267587_Kv3_1-ID-4,Other,7,267587_Kv3_1-ID-4;267587_Kv3_1-ID-5;267587_Kv3_1-ID-9;267587_Kv3_1-ID-8;267587_Kv3_1-ID-7;267587_Kv3_1-ID-6;267587_Kv3_1-ID-10
3029,267587_hcn2-ID-3,Other,3,267587_hcn2-ID-3;267587_hcn2-ID-1;267587_hcn2-ID-2
3030,222725_intfire1-ID-1,Other,1,222725_intfire1-ID-1
3031,222725_expsyn-ID-1,Other,1,222725_expsyn-ID-1
3032,222725_exp2syn-ID-1,Other,1,222725_exp2syn-ID-1
3033,222725_hh-ID-1,Other,1,222725_hh-ID-1
3035,144385_excite-ID-1,Other,1,144385_excite-ID-1
3037,144385_inhib-ID-1,Other,1,144385_inhib-ID-1
3038,240960_exp2syn_m-ID-1,Other,1,240960_exp2syn_m-ID-1
3039,240960_NaV2-ID-1,Other,1,240960_NaV2-ID-1
3040,240960_pr-ID-1,Other,1,240960_pr-ID-1
3041,225080_ampa_kin-ID-1,Other,3,225080_ampa_kin-ID-1;240960_ampa_kin-ID-1;267307_ampa_kin-ID-1
3042,240960_nax-ID-1,Other,1,240960_nax-ID-1
3044,240960_exp2EPSC-ID-1,Other,1,240960_exp2EPSC-ID-1
3045,225080_nmda_kin5-ID-1,Other,2,225080_nmda_kin5-ID-1;240960_nmda_kin5-ID-1
3046,240960_nas-ID-1,Other,1,240960_nas-ID-1
3047,240960_h-ID-1,Other,1,240960_h-ID-1
3048,225080_gaba_a_kin-ID-1,Other,2,225080_gaba_a_kin-ID-1;240960_gaba_a_kin-ID-1
3050,240960_km2-ID-1,Other,1,240960_km2-ID-1
3055,245427_KV4_DAsoma-ID-1,Other,1,245427_KV4_DAsoma-ID-1
3056,245427_passive-ID-1,Other,1,245427_passive-ID-1
3057,245427_NA12-ID-1,Other,1,245427_NA12-ID-1
3058,245427_IK_SK-ID-1,Other,1,245427_IK_SK-ID-1
3059,245427_KV4_DA-ID-1,Other,1,245427_KV4_DA-ID-1
3060,245427_KVDR-ID-1,Other,1,245427_KVDR-ID-1
3061,245427_CAV13-ID-1,Other,1,245427_CAV13-ID-1
3062,245427_IH-ID-1,Other,1,245427_IH-ID-1
3063,83319_spikeout-ID-1,Other,1,83319_spikeout-ID-1
3064,83319_if3-ID-1,Other,1,83319_if3-ID-1
3065,83319_intfirecur-ID-1,Other,1,83319_intfirecur-ID-1
3067,141063_ou-ID-1,Other,1,141063_ou-ID-1
3068,141063_trek1-ID-1,Other,1,141063_trek1-ID-1
3069,141063_leak-ID-1,Other,1,141063_leak-ID-1
3073,144511_nmda-ID-1,Other,1,144511_nmda-ID-1
3074,144511_ampa-ID-1,Other,1,144511_ampa-ID-1
3075,144511_gabaa-ID-1,Other,1,144511_gabaa-ID-1
3077,116956_emdkna-ID-1,Other,1,116956_emdkna-ID-1
3079,257747_Na15-ID-1,Other,1,257747_Na15-ID-1
3080,183949_mAHPvt-ID-1,Other,1,183949_mAHPvt-ID-1
3084,207695_naleak-ID-1,Other,1,207695_naleak-ID-1
3085,207695_gap3-ID-1,Other,1,207695_gap3-ID-1
3086,207695_ican_nonspecific-ID-1,Other,1,207695_ican_nonspecific-ID-1
3088,207695_cadp-ID-1,Other,1,207695_cadp-ID-1
3089,207695_ncx-ID-1,Other,1,207695_ncx-ID-1
3090,207695_nat-ID-1,Other,1,207695_nat-ID-1
3094,267589_TC_HH-ID-1,Other,2,267589_TC_HH-ID-1;267589_TC_HH-ID-2
3095,267589_TC_iL-ID-1,Other,2,267589_TC_iL-ID-1;267589_TC_iL-ID-2
3096,267589_TC_Nap_Et2-ID-2,Other,2,267589_TC_Nap_Et2-ID-2;267589_TC_Nap_Et2-ID-1
3097,267589_SK_E2-ID-2,Other,2,267589_SK_E2-ID-2;267589_SK_E2-ID-1
3098,267589_TC_Ih_Bud97-ID-1,Other,2,267589_TC_Ih_Bud97-ID-1;267589_TC_Ih_Bud97-ID-2
3099,267589_TC_ITGHK_Des98-ID-1,Other,2,267589_TC_ITGHK_Des98-ID-1;267589_TC_ITGHK_Des98-ID-2
3100,267589_gap-ID-1,Other,1,267589_gap-ID-1
3101,267589_vecevent-ID-1,Other,1,267589_vecevent-ID-1
3102,267589_exp2syn-ID-1,Other,1,267589_exp2syn-ID-1
3103,124063_syn_rod_bip-ID-1,Other,1,124063_syn_rod_bip-ID-1
3104,124063_IinjLT-ID-1,Other,1,124063_IinjLT-ID-1
3108,124063_Rod_Cad-ID-1,Other,1,124063_Rod_Cad-ID-1
3110,124063_syn_bip_gan-ID-1,Other,1,124063_syn_bip_gan-ID-1
3113,124063_Rod_leak-ID-1,Other,1,124063_Rod_leak-ID-1
3115,124063_Rod_Clca-ID-1,Other,1,124063_Rod_Clca-ID-1
3116,124063_IinjLT_cone-ID-1,Other,1,124063_IinjLT_cone-ID-1
3117,155602_gap-ID-1,Other,1,155602_gap-ID-1
3121,93321_g_na-ID-1,Other,1,93321_g_na-ID-1
3123,93321_dc-ID-1,Other,1,93321_dc-ID-1
3126,93321_g_h-ID-1,Other,1,93321_g_h-ID-1
3127,93321_fast-ID-1,Other,1,93321_fast-ID-1
3128,93321_g_kd-ID-1,Other,1,93321_g_kd-ID-1
3129,93321_g_cas-ID-1,Other,1,93321_g_cas-ID-1
3131,93321_g_a-ID-1,Other,1,93321_g_a-ID-1
3132,93321_cadecay-ID-1,Other,1,93321_cadecay-ID-1
3133,93321_g_kca-ID-1,Other,1,93321_g_kca-ID-1
3134,93321_g_cat-ID-1,Other,1,93321_g_cat-ID-1
3137,93321_slow-ID-1,Other,1,93321_slow-ID-1
3138,244599_newleak-ID-1,Other,1,244599_newleak-ID-1
3140,235320_newkca-ID-1,Other,2,235320_newkca-ID-1;244599_newkca-ID-1
3141,235320_pump-ID-1,Other,2,235320_pump-ID-1;244599_pump-ID-1
3142,127507_nabalan-ID-1,Other,3,127507_nabalan-ID-1;235320_nabalan-ID-1;244599_nabalan-ID-1
3143,244599_slowhh3-ID-1,Other,1,244599_slowhh3-ID-1
3146,147757_vecevent-ID-1,Other,1,147757_vecevent-ID-1
3147,143719_cad-ID-1,Other,2,143719_cad-ID-1;147757_cad-ID-1
3150,147757_tmgsyn-ID-1,Other,1,147757_tmgsyn-ID-1
3161,19746_DEsyn-ID-1,Other,1,19746_DEsyn-ID-1
3162,234241_exp2synstdp_r_nobound-ID-1,Other,1,234241_exp2synstdp_r_nobound-ID-1
3166,144589_xtra-ID-1,Other,1,144589_xtra-ID-1
3167,39948_izhi2003b-ID-1,Other,1,39948_izhi2003b-ID-1
3168,39948_izhi2007bS-ID-1,Other,1,39948_izhi2007bS-ID-1
3169,39948_izhi2003a-ID-1,Other,1,39948_izhi2003a-ID-1
3170,39948_izhi2007a-ID-1,Other,1,39948_izhi2007a-ID-1
3171,39948_izhi2007b-ID-1,Other,2,39948_izhi2007b-ID-1;188544_izhi2007b-ID-1
3172,93326_oldtsyn-ID-1,Other,1,93326_oldtsyn-ID-1
3176,153196_cad-ID-1,Other,1,153196_cad-ID-1
3180,153196_ostim-ID-1,Other,1,153196_ostim-ID-1
3181,153196_chanrhod-ID-1,Other,1,153196_chanrhod-ID-1
3183,153196_xtra-ID-1,Other,1,153196_xtra-ID-1
3185,108458_Cad-ID-1,Other,2,108458_Cad-ID-1;117207_Cad-ID-1
3187,266850_nav1p9-ID-1,Other,1,266850_nav1p9-ID-1
3188,266850_nav1p8-ID-1,Other,1,266850_nav1p8-ID-1
3189,266850_nattxs-ID-1,Other,1,266850_nattxs-ID-1
3190,266850_calL_Shah-ID-1,Other,11,266850_calL_Shah-ID-1;267661_calL_Shah-ID-5;267661_calL_Shah-ID-3;267661_calL_Shah-ID-2;267661_calL_Shah-ID-8;267661_calL_Shah-ID-10;267661_calL_Shah-ID-1;267661_calL_Shah-ID-6;267661_calL_Shah-ID-4;267661_calL_Shah-ID-7;267661_calL_Shah-ID-9
3191,266850_Capsaicin_Puff-ID-1,Other,11,266850_Capsaicin_Puff-ID-1;267661_Capsaicin_Puff-ID-3;267661_Capsaicin_Puff-ID-6;267661_Capsaicin_Puff-ID-4;267661_Capsaicin_Puff-ID-1;267661_Capsaicin_Puff-ID-5;267661_Capsaicin_Puff-ID-2;267661_Capsaicin_Puff-ID-9;267661_Capsaicin_Puff-ID-7;267661_Capsaicin_Puff-ID-10;267661_Capsaicin_Puff-ID-8
3192,266850_kdr-ID-1,Other,1,266850_kdr-ID-1
3193,266850_km_DRG-ID-1,Other,1,266850_km_DRG-ID-1
3194,266850_nap-ID-1,Other,11,266850_nap-ID-1;267661_nap-ID-1;267661_nap-ID-10;267661_nap-ID-8;267661_nap-ID-5;267661_nap-ID-9;267661_nap-ID-6;267661_nap-ID-3;267661_nap-ID-4;267661_nap-ID-2;267661_nap-ID-7
3195,266850_h-ID-1,Other,1,266850_h-ID-1
3196,266850_transducer_pas-ID-1,Other,11,266850_transducer_pas-ID-1;267661_transducer_pas-ID-2;267661_transducer_pas-ID-9;267661_transducer_pas-ID-3;267661_transducer_pas-ID-6;267661_transducer_pas-ID-5;267661_transducer_pas-ID-1;267661_transducer_pas-ID-8;267661_transducer_pas-ID-7;267661_transducer_pas-ID-4;267661_transducer_pas-ID-10
3197,266850_caT_Shah-ID-1,Other,11,266850_caT_Shah-ID-1;267661_caT_Shah-ID-7;267661_caT_Shah-ID-9;267661_caT_Shah-ID-2;267661_caT_Shah-ID-6;267661_caT_Shah-ID-4;267661_caT_Shah-ID-3;267661_caT_Shah-ID-10;267661_caT_Shah-ID-8;267661_caT_Shah-ID-1;267661_caT_Shah-ID-5
3198,266850_ka-ID-1,Other,1,266850_ka-ID-1
3199,267511_kca-ID-1,Other,1,267511_kca-ID-1
3201,267511_cancr-ID-1,Other,1,267511_cancr-ID-1
3202,267686_DetGABAAB-ID-1,Other,2,267686_DetGABAAB-ID-1;267511_DetGABAAB-ID-1
3204,267511_h_migliore-ID-1,Other,1,267511_h_migliore-ID-1
3205,267511_ProbAMPANMDA_EMS-ID-1,Other,1,267511_ProbAMPANMDA_EMS-ID-1
3206,267511_StochKv_deterministic-ID-1,Other,1,267511_StochKv_deterministic-ID-1
3208,267511_ch_KvCaB-ID-1,Other,1,267511_ch_KvCaB-ID-1
3209,267511_naz-ID-1,Other,1,267511_naz-ID-1
3210,267511_StochKv-ID-1,Other,1,267511_StochKv-ID-1
3211,267511_Nca-ID-1,Other,1,267511_Nca-ID-1
3212,267511_catcb-ID-1,Other,1,267511_catcb-ID-1
3213,267511_tia-ID-1,Other,1,267511_tia-ID-1
3214,267511_iconc_Ca-ID-1,Other,1,267511_iconc_Ca-ID-1
3215,267511_ch_KvAngf-ID-1,Other,1,267511_ch_KvAngf-ID-1
3216,267511_my_exp2syn-ID-1,Other,1,267511_my_exp2syn-ID-1
3217,267511_ch_leak-ID-1,Other,1,267511_ch_leak-ID-1
3218,267511_ch_KCaS-ID-1,Other,1,267511_ch_KCaS-ID-1
3219,267511_htc-ID-1,Other,1,267511_htc-ID-1
3220,267511_ProbGABAAB_EMS-ID-1,Other,1,267511_ProbGABAAB_EMS-ID-1
3221,267511_vecstim-ID-1,Other,1,267511_vecstim-ID-1
3222,267511_gabab-ID-1,Other,1,267511_gabab-ID-1
3223,267511_KdShu2007-ID-1,Other,1,267511_KdShu2007-ID-1
3224,267511_ch_Kdrfastngf-ID-1,Other,1,267511_ch_Kdrfastngf-ID-1
3225,267686_DetAMPANMDA-ID-1,Other,2,267686_DetAMPANMDA-ID-1;267511_DetAMPANMDA-ID-1
3227,267511_ch_CavL-ID-1,Other,1,267511_ch_CavL-ID-1
3228,267511_ch_CavN-ID-1,Other,1,267511_ch_CavN-ID-1
3229,256632_Kv4-ID-1,Other,1,256632_Kv4-ID-1
3230,256632_Nav1p8-ID-1,Other,1,256632_Nav1p8-ID-1
3231,256632_Kv1-ID-1,Other,1,256632_Kv1-ID-1
3232,256632_Kv2-ID-1,Other,1,256632_Kv2-ID-1
3233,256632_Kv3-ID-1,Other,1,256632_Kv3-ID-1
3234,256632_leak-ID-1,Other,1,256632_leak-ID-1
3235,256632_Nav1p1-ID-1,Other,1,256632_Nav1p1-ID-1
3236,256632_Nav1p6-ID-1,Other,1,256632_Nav1p6-ID-1
3237,256632_Nav1p7-ID-1,Other,1,256632_Nav1p7-ID-1
3242,37819_intf-ID-1,Other,1,37819_intf-ID-1
3243,37819_nstim-ID-1,Other,1,37819_nstim-ID-1
3244,37819_Ican-ID-1,Other,3,37819_Ican-ID-1;116862_Ican-ID-1;136095_Ican-ID-1
3245,37819_vecst-ID-1,Other,1,37819_vecst-ID-1
3251,37819_cadecay-ID-1,Other,1,37819_cadecay-ID-1
3252,37819_GABAB2-ID-1,Other,1,37819_GABAB2-ID-1
3253,37819_gababS-ID-1,Other,1,37819_gababS-ID-1
3254,37819_tcifb-ID-1,Other,1,37819_tcifb-ID-1
3255,37819_AMPA-ID-1,Other,1,37819_AMPA-ID-1
3256,37819_gabab-ID-1,Other,1,37819_gabab-ID-1
3257,37819_GABAA-ID-1,Other,1,37819_GABAA-ID-1
3258,37819_burst-ID-1,Other,1,37819_burst-ID-1
3260,37819_Ih-ID-1,Other,2,37819_Ih-ID-1;116862_Ih-ID-1
3261,37819_matrix-ID-1,Other,1,37819_matrix-ID-1
3262,105385_pas_gp-ID-1,Other,1,105385_pas_gp-ID-1
3266,105385_ca_gp-ID-1,Other,1,105385_ca_gp-ID-1
3275,105385_leak_gp-ID-1,Other,1,105385_leak_gp-ID-1
3277,105385_iramp-ID-1,Other,1,105385_iramp-ID-1
3280,112685_Synapse-ID-1,Other,2,112685_Synapse-ID-1;127021_Synapse-ID-1
3281,127021_pump-ID-1,Other,1,127021_pump-ID-1
3282,112685_Pregen-ID-1,Other,2,112685_Pregen-ID-1;127021_Pregen-ID-1
3287,53569_cadyn-ID-1,Other,1,53569_cadyn-ID-1
3288,83344_cad2-ID-1,Other,6,83344_cad2-ID-1;138321_cad2-ID-1;187603_cad2-ID-1;266844_cad2-ID-3;266844_cad2-ID-2;266844_cad2-ID-1
3289,83344_child-ID-1,Other,1,83344_child-ID-1
3290,83344_childa-ID-1,Other,1,83344_childa-ID-1
3292,143100_calcium-ID-1,Other,2,143100_calcium-ID-1;267669_calcium-ID-1
3300,143100_leak-ID-1,Other,2,143100_leak-ID-1;267669_leak-ID-1
3306,3682_rglu_score-ID-1,Other,1,3682_rglu_score-ID-1
3307,187603_hh3-ID-1,Other,1,187603_hh3-ID-1
3309,187603_stdp_m-ID-1,Other,1,187603_stdp_m-ID-1
3310,187603_stdp_ca-ID-1,Other,1,187603_stdp_ca-ID-1
3311,244416_calH-ID-1,Other,1,244416_calH-ID-1
3312,244416_kca-ID-1,Other,1,244416_kca-ID-1
3313,244416_km-ID-1,Other,1,244416_km-ID-1
3314,244416_cat-ID-1,Other,1,244416_cat-ID-1
3315,244416_somacar-ID-1,Other,1,244416_somacar-ID-1
3316,244416_cad-ID-1,Other,1,244416_cad-ID-1
3317,244416_car-ID-1,Other,1,244416_car-ID-1
3318,244416_nax-ID-1,Other,1,244416_nax-ID-1
3319,244416_kdr-ID-1,Other,1,244416_kdr-ID-1
3320,244416_nap-ID-1,Other,2,244416_nap-ID-1;267307_nap-ID-1
3321,244416_na3-ID-1,Other,1,244416_na3-ID-1
3322,244416_h-ID-1,Other,1,244416_h-ID-1
3323,244416_kaprox-ID-1,Other,1,244416_kaprox-ID-1
3324,244416_na3notrunk-ID-1,Other,1,244416_na3notrunk-ID-1
3325,244416_na3dend-ID-1,Other,1,244416_na3dend-ID-1
3326,244416_kadist-ID-1,Other,1,244416_kadist-ID-1
3327,267009_na-ID-2,Other,2,267009_na-ID-2;267009_na-ID-1
3328,267009_h-ID-1,Other,2,267009_h-ID-1;267009_h-ID-2
3329,267009_leak-ID-1,Other,2,267009_leak-ID-1;267009_leak-ID-2
3330,267009_kd-ID-1,Other,2,267009_kd-ID-1;267009_kd-ID-2
3331,267009_ipulse3-ID-2,Other,2,267009_ipulse3-ID-2;267009_ipulse3-ID-1
3332,267009_ka-ID-1,Other,2,267009_ka-ID-1;267009_ka-ID-2
3333,267009_nadp-ID-1,Other,2,267009_nadp-ID-1;267009_nadp-ID-2
3334,181967_cagk2-ID-1,Other,1,181967_cagk2-ID-1
3335,181967_cagk3-ID-1,Other,1,181967_cagk3-ID-1
3337,181967_cad-ID-1,Other,1,181967_cad-ID-1
3339,181967_cagk-ID-1,Other,1,181967_cagk-ID-1
3342,181967_burststim-ID-1,Other,1,181967_burststim-ID-1
3347,136026_monx-ID-1,Other,1,136026_monx-ID-1
3350,267499_km-ID-1,Other,1,267499_km-ID-1
3351,267499_saccum-ID-1,Other,1,267499_saccum-ID-1
3352,267499_kahp-ID-1,Other,1,267499_kahp-ID-1
3353,267499_inas-ID-1,Other,1,267499_inas-ID-1
3354,267499_daccum4-ID-1,Other,1,267499_daccum4-ID-1
3355,267499_ikdrs-ID-1,Other,1,267499_ikdrs-ID-1
3356,267499_daccum2-ID-1,Other,1,267499_daccum2-ID-1
3357,267499_daccum3-ID-1,Other,1,267499_daccum3-ID-1
3358,267499_kcc2-ID-1,Other,1,267499_kcc2-ID-1
3359,267499_daccum1-ID-1,Other,1,267499_daccum1-ID-1
3360,267499_capump-ID-1,Other,1,267499_capump-ID-1
3361,267499_nap-ID-1,Other,1,267499_nap-ID-1
3362,267499_leak-ID-1,Other,1,267499_leak-ID-1
3363,267499_pkdrs-ID-1,Other,1,267499_pkdrs-ID-1
3364,267499_pkdrd-ID-1,Other,1,267499_pkdrd-ID-1
3365,267499_pnas-ID-1,Other,1,267499_pnas-ID-1
3366,267499_pnad-ID-1,Other,1,267499_pnad-ID-1
3367,267499_LinClamp-ID-1,Other,1,267499_LinClamp-ID-1
3368,267499_saccum4-ID-1,Other,1,267499_saccum4-ID-1
3369,267499_is_GABA-ID-1,Other,1,267499_is_GABA-ID-1
3370,267499_saccum2-ID-1,Other,1,267499_saccum2-ID-1
3371,267499_nakpump-ID-1,Other,1,267499_nakpump-ID-1
3372,267499_saccum3-ID-1,Other,1,267499_saccum3-ID-1
3373,267499_saccum1-ID-1,Other,1,267499_saccum1-ID-1
3374,267499_cal-ID-1,Other,1,267499_cal-ID-1
3375,267499_kc-ID-1,Other,1,267499_kc-ID-1
3378,97863_nacum-ID-1,Other,2,97863_nacum-ID-1;3800_nacum-ID-1
3379,97863_nipace-ID-1,Other,1,97863_nipace-ID-1
3380,97863_kcum-ID-1,Other,1,97863_kcum-ID-1
3381,97863_cadynam-ID-1,Other,1,97863_cadynam-ID-1
3382,98017_nmdaSUM-ID-1,Other,1,98017_nmdaSUM-ID-1
3385,98017_MyNetStim-ID-1,Other,1,98017_MyNetStim-ID-1
3387,98017_nmdaR_2-ID-1,Other,1,98017_nmdaR_2-ID-1
3388,98017_ICan-ID-1,Other,1,98017_ICan-ID-1
3390,98017_nmdaSUM_2-ID-1,Other,1,98017_nmdaSUM_2-ID-1
3392,98017_ampa-ID-1,Other,1,98017_ampa-ID-1
3393,98017_gapJ-ID-1,Other,1,98017_gapJ-ID-1
3394,98017_Cai-ID-1,Other,1,98017_Cai-ID-1
3395,98017_nmdaR-ID-1,Other,1,98017_nmdaR-ID-1
3396,98017_gabaR-ID-1,Other,1,98017_gabaR-ID-1
3398,187604_MyExp2Sid-ID-1,Other,1,187604_MyExp2Sid-ID-1
3399,187604_ch_Kdrslow-ID-1,Other,1,187604_ch_Kdrslow-ID-1
3400,187604_ch_KvGroup-ID-1,Other,1,187604_ch_KvGroup-ID-1
3402,187604_ch_Navbis-ID-1,Other,1,187604_ch_Navbis-ID-1
3403,187604_repeatconn-ID-1,Other,1,187604_repeatconn-ID-1
3404,187604_ch_Nav-ID-1,Other,1,187604_ch_Nav-ID-1
3406,187604_ch_HCN-ID-1,Other,1,187604_ch_HCN-ID-1
3407,187604_ch_HCNolm-ID-1,Other,1,187604_ch_HCNolm-ID-1
3408,187604_ch_Navcck-ID-1,Other,1,187604_ch_Navcck-ID-1
3412,187604_sgate-ID-1,Other,1,187604_sgate-ID-1
3413,187604_ch_HCNp-ID-1,Other,1,187604_ch_HCNp-ID-1
3414,187604_fastconn-ID-1,Other,1,187604_fastconn-ID-1
3415,187604_ExpGABAab-ID-1,Other,1,187604_ExpGABAab-ID-1
3416,187604_positionfcns-ID-1,Other,1,187604_positionfcns-ID-1
3417,187604_xtra-ID-1,Other,1,187604_xtra-ID-1
3419,226401_exp2synNMDA-ID-1,Other,1,226401_exp2synNMDA-ID-1
3420,226401_Traub-ID-1,Other,1,226401_Traub-ID-1
3421,143072_ht-ID-1,Other,1,143072_ht-ID-1
3422,143072_kdifusl-ID-1,Other,1,143072_kdifusl-ID-1
3423,143072_NAX-ID-1,Other,1,143072_NAX-ID-1
3424,143072_nadifusl-ID-1,Other,1,143072_nadifusl-ID-1
3425,143072_naaccum2-ID-1,Other,1,143072_naaccum2-ID-1
3426,143072_kaccum2-ID-1,Other,1,143072_kaccum2-ID-1
3427,144401_gap-ID-1,Other,2,144401_gap-ID-1;150446_gap-ID-1
3428,144401_bias-ID-1,Other,2,144401_bias-ID-1;150446_bias-ID-1
3429,83590_Ifluct1-ID-1,Other,2,83590_Ifluct1-ID-1;112086_Ifluct1-ID-1
3432,127992_HHcnf-ID-1,Other,1,127992_HHcnf-ID-1
3434,127992_HHcn-ID-1,Other,1,127992_HHcn-ID-1
3435,225080_pr-ID-1,Other,1,225080_pr-ID-1
3436,225080_vecevent-ID-1,Other,1,225080_vecevent-ID-1
3438,225080_exp2EPSC-ID-1,Other,1,225080_exp2EPSC-ID-1
3440,225080_exp2EPSG_NMDA-ID-1,Other,1,225080_exp2EPSG_NMDA-ID-1
3441,225080_h-ID-1,Other,1,225080_h-ID-1
3442,225080_nmda_kin2-ID-1,Other,2,225080_nmda_kin2-ID-1;267307_nmda_kin2-ID-1
3443,225080_nmda_kin3-ID-1,Other,1,225080_nmda_kin3-ID-1
3444,225080_exp2EPSG-ID-1,Other,1,225080_exp2EPSG-ID-1
3449,121259_WMPas2-ID-1,Other,1,121259_WMPas2-ID-1
3450,121259_WMPas-ID-1,Other,1,121259_WMPas-ID-1
3451,121259_WMPasDend2-ID-1,Other,1,121259_WMPasDend2-ID-1
3452,121259_WMPasDend-ID-1,Other,1,121259_WMPasDend-ID-1
3454,3812_nmda-ID-1,Other,1,3812_nmda-ID-1
3455,3812_two_exp-ID-1,Other,1,3812_two_exp-ID-1
3456,127995_fi-ID-1,Other,1,127995_fi-ID-1
3457,185350_Exp2SynSTDP_multNNb_globBCM_intscount_precentred-ID-1,Other,1,185350_Exp2SynSTDP_multNNb_globBCM_intscount_precentred-ID-1
3458,185350_BCMthreshold-ID-1,Other,1,185350_BCMthreshold-ID-1
3459,267669_CaT-ID-1,Other,1,267669_CaT-ID-1
3460,267669_NaP-ID-1,Other,1,267669_NaP-ID-1
3461,3815_tmgsyn-ID-1,Other,1,3815_tmgsyn-ID-1
3462,144054_fi-ID-1,Other,1,144054_fi-ID-1
3464,144054_ampanmda-ID-1,Other,1,144054_ampanmda-ID-1
3467,266925_fastglu-ID-1,Other,1,266925_fastglu-ID-1
3468,266925_GluTransTrainTool-ID-1,Other,1,266925_GluTransTrainTool-ID-1
3469,266925_ampa13-ID-1,Other,1,266925_ampa13-ID-1
3475,144490_cad-ID-2,Other,2,144490_cad-ID-2;144490_cad-ID-1
3476,144490_ampa_forti-ID-1,Other,1,144490_ampa_forti-ID-1
3485,144490_nmda_andr-ID-1,Other,1,144490_nmda_andr-ID-1
3488,20212_nmda-ID-1,Other,2,20212_nmda-ID-1;144490_nmda-ID-1
3489,244679_cdp5-ID-1,Other,1,244679_cdp5-ID-1
3490,244679_KC3-ID-1,Other,1,244679_KC3-ID-1
3491,244679_cf-ID-1,Other,1,244679_cf-ID-1
3492,244679_CaT3_1-ID-1,Other,1,244679_CaT3_1-ID-1
3493,244679_kdr1-ID-1,Other,1,244679_kdr1-ID-1
3494,244679_leak-ID-1,Other,1,244679_leak-ID-1
3495,244679_newCaP1-ID-1,Other,1,244679_newCaP1-ID-1
3496,244679_KA1-ID-1,Other,1,244679_KA1-ID-1
3497,146565_glutamate-ID-1,Other,1,146565_glutamate-ID-1
3499,146565_gaba-ID-1,Other,1,146565_gaba-ID-1
3500,146565_cad_long-ID-1,Other,1,146565_cad_long-ID-1
3501,146565_netgaba-ID-1,Other,1,146565_netgaba-ID-1
3502,146565_cad_old-ID-1,Other,1,146565_cad_old-ID-1
3503,146565_netglutamate-ID-1,Other,1,146565_netglutamate-ID-1
3504,129067_Nap-ID-2,Other,2,129067_Nap-ID-2;129067_Nap-ID-1
3505,129067_ampa-ID-2,Other,2,129067_ampa-ID-2;129067_ampa-ID-1
3506,231427_ProbAMPANMDA2_ratio-ID-1,Other,1,231427_ProbAMPANMDA2_ratio-ID-1
3507,231427_ProbAMPA-ID-1,Other,1,231427_ProbAMPA-ID-1
3508,20212_gabab-ID-1,Other,2,20212_gabab-ID-1;231427_gabab-ID-1
3509,231427_ProbUDFsyn2_lark-ID-1,Other,1,231427_ProbUDFsyn2_lark-ID-1
3510,144007_LGMD_HH_Kdr_sf35-ID-2,Other,2,144007_LGMD_HH_Kdr_sf35-ID-2;144007_LGMD_HH_Kdr_sf35-ID-1
3513,144007_LGMD_Ca-ID-2,Other,2,144007_LGMD_Ca-ID-2;144007_LGMD_Ca-ID-1
3517,232097_KS-ID-1,Other,1,232097_KS-ID-1
3518,232097_SineInput-ID-1,Other,1,232097_SineInput-ID-1
3523,139654_kca-ID-1,Other,1,139654_kca-ID-1
3526,139654_leak-ID-1,Other,1,139654_leak-ID-1
3528,148253_cldif-ID-1,Other,1,148253_cldif-ID-1
3529,148253_gabaA_Cl-ID-1,Other,1,148253_gabaA_Cl-ID-1
3530,148253_cldif2-ID-1,Other,1,148253_cldif2-ID-1
3531,148253_gaghk-ID-1,Other,1,148253_gaghk-ID-1
3537,147141_stats-ID-1,Other,2,147141_stats-ID-1;154096_stats-ID-1
3538,154096_infot-ID-1,Other,2,154096_infot-ID-1;183014_infot-ID-1
3539,147141_staley-ID-1,Other,2,147141_staley-ID-1;154096_staley-ID-1
3540,147141_intfsw-ID-1,Other,3,147141_intfsw-ID-1;154096_intfsw-ID-1;183014_intfsw-ID-1
3541,154096_intf6-ID-1,Other,2,154096_intf6-ID-1;183014_intf6-ID-1
3542,147141_sampen-ID-1,Other,2,147141_sampen-ID-1;154096_sampen-ID-1
3543,147141_updown-ID-1,Other,3,147141_updown-ID-1;154096_updown-ID-1;183014_updown-ID-1
3544,147141_vecst-ID-1,Other,3,147141_vecst-ID-1;154096_vecst-ID-1;183014_vecst-ID-1
3545,147141_misc-ID-1,Other,3,147141_misc-ID-1;154096_misc-ID-1;183014_misc-ID-1
3546,147141_place-ID-1,Other,3,147141_place-ID-1;154096_place-ID-1;183014_place-ID-1
3547,147141_tsa-ID-1,Other,2,147141_tsa-ID-1;154096_tsa-ID-1
3548,147141_myfft-ID-1,Other,2,147141_myfft-ID-1;154096_myfft-ID-1
3549,206267_Grc_sine-ID-1,Other,1,206267_Grc_sine-ID-1
3550,206267_GRC_LKG3-ID-1,Other,1,206267_GRC_LKG3-ID-1
3553,185332_naleak-ID-1,Other,1,185332_naleak-ID-1
3554,185332_hybrid-ID-1,Other,1,185332_hybrid-ID-1
3555,185332_ican_nonspecific-ID-1,Other,1,185332_ican_nonspecific-ID-1
3557,185332_cadp-ID-1,Other,1,185332_cadp-ID-1
3558,185332_ncx-ID-1,Other,1,185332_ncx-ID-1
3562,185332_mitralSyn-ID-1,Other,1,185332_mitralSyn-ID-1
3566,139653_epsp-ID-1,Other,1,139653_epsp-ID-1
3577,64296_cadecay-ID-1,Other,1,64296_cadecay-ID-1
3580,127507_newleak-ID-1,Other,1,127507_newleak-ID-1
3583,113732_dipole-ID-1,Other,1,113732_dipole-ID-1
3584,113732_gnetstim-ID-1,Other,2,113732_gnetstim-ID-1;141273_gnetstim-ID-1
3585,113732_precall-ID-1,Other,1,113732_precall-ID-1
3587,113732_pp_dipole-ID-1,Other,1,113732_pp_dipole-ID-1
3598,266782_nattxs-ID-1,Other,1,266782_nattxs-ID-1
3599,266782_5ht-ID-1,Other,1,266782_5ht-ID-1
3600,266782_kdr-ID-1,Other,1,266782_kdr-ID-1
3601,266782_serotonin-ID-1,Other,1,266782_serotonin-ID-1
3602,266782_k_ion_dynamics-ID-1,Other,1,266782_k_ion_dynamics-ID-1
3603,266782_atp42-ID-1,Other,1,266782_atp42-ID-1
3604,266782_kaprox-ID-1,Other,1,266782_kaprox-ID-1
3605,266782_leak-ID-1,Other,1,266782_leak-ID-1
3606,266782_extrapump-ID-1,Other,1,266782_extrapump-ID-1
3607,266782_DNav18-ID-1,Other,1,266782_DNav18-ID-1
3608,266782_na_ion_dynamics-ID-1,Other,1,266782_na_ion_dynamics-ID-1
3609,266782_slow5HT-ID-1,Other,1,266782_slow5HT-ID-1
3610,266782_Nav1_3-ID-1,Other,1,266782_Nav1_3-ID-1
3611,266782_slowATP-ID-1,Other,1,266782_slowATP-ID-1
3612,266782_kadist-ID-1,Other,1,266782_kadist-ID-1
3613,266782_nakpump-ID-1,Other,1,266782_nakpump-ID-1
3614,266782_p2x3-ID-1,Other,1,266782_p2x3-ID-1
3615,266782_p2x2-ID-1,Other,1,266782_p2x2-ID-1
3617,225075_exp2synNMDA-ID-1,Other,1,225075_exp2synNMDA-ID-1
3618,267666_HH2-ID-1,Other,1,267666_HH2-ID-1
3619,267666_NMDA_DynSyn-ID-1,Other,1,267666_NMDA_DynSyn-ID-1
3620,267666_ASIC_native2-ID-1,Other,1,267666_ASIC_native2-ID-1
3621,267666_ProtCleftDyn-ID-1,Other,1,267666_ProtCleftDyn-ID-1
3622,267666_AMPA_DynSyn-ID-1,Other,1,267666_AMPA_DynSyn-ID-1
3623,267666_iCaL-ID-1,Other,1,267666_iCaL-ID-1
3624,267666_PostProtCleftDyn-ID-1,Other,1,267666_PostProtCleftDyn-ID-1
3625,267666_GABAa_DynSyn-ID-1,Other,1,267666_GABAa_DynSyn-ID-1
3626,267666_GABAb_DynSyn-ID-1,Other,1,267666_GABAb_DynSyn-ID-1
3627,267666_NK1_DynSyn-ID-1,Other,1,267666_NK1_DynSyn-ID-1
3628,267666_iKCa-ID-1,Other,1,267666_iKCa-ID-1
3629,267666_iCaAN-ID-1,Other,1,267666_iCaAN-ID-1
3630,267666_ASICnative1-ID-1,Other,1,267666_ASICnative1-ID-1
3631,267666_CaIntraCellDyn-ID-1,Other,1,267666_CaIntraCellDyn-ID-1
3635,3670_capump-ID-1,Other,1,3670_capump-ID-1
3636,3670_gabab1-ID-1,Other,1,3670_gabab1-ID-1
3637,3670_gabaa-ID-1,Other,1,3670_gabaa-ID-1
3639,244848_cat-ID-1,Other,1,244848_cat-ID-1
3640,244848_car-ID-1,Other,1,244848_car-ID-1
3641,244848_vmax-ID-1,Other,1,244848_vmax-ID-1
3642,244848_ghknmda-ID-1,Other,1,244848_ghknmda-ID-1
3643,244848_modcamechs-ID-1,Other,1,244848_modcamechs-ID-1
3644,244848_caminmax-ID-1,Other,1,244848_caminmax-ID-1
3645,244848_ghkampa-ID-1,Other,1,244848_ghkampa-ID-1
3646,244848_apamp-ID-1,Other,1,244848_apamp-ID-1
3647,241165_xtra-ID-1,Other,1,241165_xtra-ID-1
3652,125857_cadecay-ID-1,Other,1,125857_cadecay-ID-1
3653,125857_leak-ID-1,Other,1,125857_leak-ID-1
3657,189308_I1-ID-1,Other,1,189308_I1-ID-1
3658,189308_I2-ID-1,Other,1,189308_I2-ID-1
3659,267661_nav1p9-ID-1,Other,10,267661_nav1p9-ID-1;267661_nav1p9-ID-7;267661_nav1p9-ID-5;267661_nav1p9-ID-2;267661_nav1p9-ID-9;267661_nav1p9-ID-3;267661_nav1p9-ID-10;267661_nav1p9-ID-4;267661_nav1p9-ID-6;267661_nav1p9-ID-8
3660,267661_nav1p8-ID-7,Other,5,267661_nav1p8-ID-7;267661_nav1p8-ID-10;267661_nav1p8-ID-2;267661_nav1p8-ID-9;267661_nav1p8-ID-1
3661,267661_kdr-ID-6,Other,10,267661_kdr-ID-6;267661_kdr-ID-4;267661_kdr-ID-10;267661_kdr-ID-3;267661_kdr-ID-5;267661_kdr-ID-8;267661_kdr-ID-2;267661_kdr-ID-7;267661_kdr-ID-9;267661_kdr-ID-1
3662,267661_nattxs_noF-ID-7,Other,10,267661_nattxs_noF-ID-7;267661_nattxs_noF-ID-3;267661_nattxs_noF-ID-4;267661_nattxs_noF-ID-9;267661_nattxs_noF-ID-10;267661_nattxs_noF-ID-1;267661_nattxs_noF-ID-5;267661_nattxs_noF-ID-6;267661_nattxs_noF-ID-2;267661_nattxs_noF-ID-8
3663,267661_km_DRG-ID-9,Other,10,267661_km_DRG-ID-9;267661_km_DRG-ID-6;267661_km_DRG-ID-1;267661_km_DRG-ID-8;267661_km_DRG-ID-10;267661_km_DRG-ID-5;267661_km_DRG-ID-7;267661_km_DRG-ID-2;267661_km_DRG-ID-4;267661_km_DRG-ID-3
3664,267661_h-ID-3,Other,10,267661_h-ID-3;267661_h-ID-2;267661_h-ID-1;267661_h-ID-9;267661_h-ID-8;267661_h-ID-10;267661_h-ID-7;267661_h-ID-6;267661_h-ID-5;267661_h-ID-4
3665,267661_nattxs_withF-ID-4,Other,10,267661_nattxs_withF-ID-4;267661_nattxs_withF-ID-8;267661_nattxs_withF-ID-2;267661_nattxs_withF-ID-7;267661_nattxs_withF-ID-5;267661_nattxs_withF-ID-3;267661_nattxs_withF-ID-10;267661_nattxs_withF-ID-1;267661_nattxs_withF-ID-6;267661_nattxs_withF-ID-9
3666,267661_ka-ID-1,Other,2,267661_ka-ID-1;267661_ka-ID-3
3667,267661_ka-ID-8,Other,8,267661_ka-ID-8;267661_ka-ID-9;267661_ka-ID-4;267661_ka-ID-7;267661_ka-ID-6;267661_ka-ID-10;267661_ka-ID-2;267661_ka-ID-5
3668,267661_nav1p8-ID-3,Other,5,267661_nav1p8-ID-3;267661_nav1p8-ID-8;267661_nav1p8-ID-4;267661_nav1p8-ID-5;267661_nav1p8-ID-6
3671,19491_R_VClamp-ID-1,Other,1,19491_R_VClamp-ID-1
3677,182129_netstims-ID-1,Other,1,182129_netstims-ID-1
3678,182129_ProbGABAAB_EMS_GEPH_g-ID-1,Other,1,182129_ProbGABAAB_EMS_GEPH_g-ID-1
3679,151949_IClampNoise-ID-1,Other,1,151949_IClampNoise-ID-1
3681,263053_na16-ID-1,Other,1,263053_na16-ID-1
3682,263053_na12-ID-1,Other,1,263053_na12-ID-1
3683,263053_capq-ID-1,Other,1,263053_capq-ID-1
3684,263053_kd-ID-1,Other,1,263053_kd-ID-1
3689,267063_hh_bj-ID-1,Other,2,267063_hh_bj-ID-1;267063_hh_bj-ID-2
3690,267063_holding_current-ID-1,Other,1,267063_holding_current-ID-1
3696,74298_Cacum-ID-1,Other,1,74298_Cacum-ID-1
3700,156733_GRANULE_CALC-ID-1,Other,1,156733_GRANULE_CALC-ID-1
3702,156733_GRANULE_Gaba_stoch_vi-ID-1,Other,1,156733_GRANULE_Gaba_stoch_vi-ID-1
3703,156733_GRANULE_Nmda_det_vi-ID-1,Other,1,156733_GRANULE_Nmda_det_vi-ID-1
3704,156733_GRANULE_LKG2-ID-1,Other,1,156733_GRANULE_LKG2-ID-1
3705,156733_GRANULE_Ampa_stoch_vi-ID-1,Other,1,156733_GRANULE_Ampa_stoch_vi-ID-1
3707,156733_GRANULE_LKG1-ID-1,Other,1,156733_GRANULE_LKG1-ID-1
3708,156733_GRANULE_Gaba_det_vi-ID-1,Other,1,156733_GRANULE_Gaba_det_vi-ID-1
3709,156733_GRANULE_Ampa_det_vi-ID-1,Other,1,156733_GRANULE_Ampa_det_vi-ID-1
3710,156733_GRANULE_KM-ID-1,Other,1,156733_GRANULE_KM-ID-1
3712,156733_GRANULE_KIR-ID-1,Other,1,156733_GRANULE_KIR-ID-1
3713,156733_GRANULE_Nmda_leak-ID-1,Other,1,156733_GRANULE_Nmda_leak-ID-1
3714,156733_GRANULE_KV-ID-1,Other,1,156733_GRANULE_KV-ID-1
3715,156733_GRANULE_KA-ID-1,Other,1,156733_GRANULE_KA-ID-1
3716,156733_vecstim-ID-1,Other,1,156733_vecstim-ID-1
3717,156733_GRANULE_Nmda_stoch_vi-ID-1,Other,1,156733_GRANULE_Nmda_stoch_vi-ID-1
3718,156733_GRANULE_Ampa_det_Prel-ID-1,Other,1,156733_GRANULE_Ampa_det_Prel-ID-1
3720,156733_GRANULE_KCA-ID-1,Other,1,156733_GRANULE_KCA-ID-1
3721,143671_synss-ID-1,Other,1,143671_synss-ID-1
3722,148094_cad-ID-1,Other,1,148094_cad-ID-1
3723,148094_cacumm-ID-1,Other,1,148094_cacumm-ID-1
3728,217783_Gran_CaPool_98-ID-1,Other,1,217783_Gran_CaPool_98-ID-1
3732,217783_CaV_R_iAMC_ChannelML-ID-1,Other,1,217783_CaV_R_iAMC_ChannelML-ID-1
3734,217783_LeakConductance-ID-1,Other,1,217783_LeakConductance-ID-1
3735,217783_BK_IAMC_ChannelML-ID-1,Other,1,217783_BK_IAMC_ChannelML-ID-1
3737,152197_stdp-ID-1,Other,2,152197_stdp-ID-1;152197_stdp-ID-2
3738,152197_stdp_Hebb-ID-1,Other,1,152197_stdp_Hebb-ID-1
3739,138321_xtra-ID-1,Other,2,138321_xtra-ID-1;138321_xtra-ID-2
3740,258643_sk_sncda-ID-1,Other,1,258643_sk_sncda-ID-1
3741,258643_Cad-ID-1,Other,1,258643_Cad-ID-1
3742,258643_kv4_a_sncda-ID-1,Other,1,258643_kv4_a_sncda-ID-1
3743,258643_cal_sncda-ID-1,Other,1,258643_cal_sncda-ID-1
3744,258643_bk_sncda-ID-1,Other,1,258643_bk_sncda-ID-1
3745,258643_hcn_sncda-ID-1,Other,1,258643_hcn_sncda-ID-1
3746,258643_cat_sncda-ID-1,Other,1,258643_cat_sncda-ID-1
3747,258643_kv2_dr_sncda-ID-1,Other,1,258643_kv2_dr_sncda-ID-1
3748,258643_leak_dop-ID-1,Other,1,258643_leak_dop-ID-1
3749,258643_metap-ID-1,Other,1,258643_metap-ID-1
3750,258643_kerg_sncda-ID-1,Other,1,258643_kerg_sncda-ID-1
3751,258643_nat_sncda-ID-1,Other,1,258643_nat_sncda-ID-1
3752,266984_SKv3_1-ID-1,Other,1,266984_SKv3_1-ID-1
3753,266984_Ih_original-ID-1,Other,1,266984_Ih_original-ID-1
3754,266984_Ih_shifted-ID-1,Other,1,266984_Ih_shifted-ID-1
3755,266984_Ih_Kole-ID-1,Other,1,266984_Ih_Kole-ID-1
3756,266984_Nap_Et2-ID-1,Other,1,266984_Nap_Et2-ID-1
3757,266984_NaTa_t-ID-1,Other,1,266984_NaTa_t-ID-1
3758,266984_izap-ID-1,Other,1,266984_izap-ID-1
3759,266984_Ih_me-ID-1,Other,1,266984_Ih_me-ID-1
3760,266984_Ih-ID-1,Other,1,266984_Ih-ID-1
3761,266984_K_Pst-ID-1,Other,1,266984_K_Pst-ID-1
3762,267293_cad-ID-1,Other,1,267293_cad-ID-1
3763,249463_na-ID-1,Other,2,249463_na-ID-1;267293_na-ID-1
3764,267293_ca_r-ID-1,Other,1,267293_ca_r-ID-1
3765,267293_Ca_HVA_hay-ID-1,Other,1,267293_Ca_HVA_hay-ID-1
3766,249463_kslow-ID-1,Other,2,249463_kslow-ID-1;267293_kslow-ID-1
3767,156780_ProbUDFsyn2-ID-1,Other,4,156780_ProbUDFsyn2-ID-1;249463_ProbUDFsyn2-ID-1;249463_ProbUDFsyn2-ID-2;267293_ProbUDFsyn2-ID-1
3768,267293_AMPANMDA_ica-ID-1,Other,1,267293_AMPANMDA_ica-ID-1
3769,267293_AMPANMDA-ID-1,Other,2,267293_AMPANMDA-ID-1;267293_AMPANMDA-ID-2
3770,267293_Ca_LVAst_hay-ID-1,Other,1,267293_Ca_LVAst_hay-ID-1
3771,267293_extrapas-ID-1,Other,2,267293_extrapas-ID-1;267293_extrapas-ID-2
3772,267293_IhHay-ID-1,Other,1,267293_IhHay-ID-1
3773,156780_ProbAMPANMDA2-ID-1,Other,4,156780_ProbAMPANMDA2-ID-1;249463_ProbAMPANMDA2-ID-2;249463_ProbAMPANMDA2-ID-1;267293_ProbAMPANMDA2-ID-1
3774,267293_ProbAMPANMDA_EMST-ID-1,Other,1,267293_ProbAMPANMDA_EMST-ID-1
3775,267293_ca_h-ID-1,Other,1,267293_ca_h-ID-1
3776,249463_kfast-ID-1,Other,2,249463_kfast-ID-1;267293_kfast-ID-1
3777,267293_SK_hay-ID-1,Other,1,267293_SK_hay-ID-1
3778,267293_ih-ID-1,Other,1,267293_ih-ID-1
3779,267293_ProbAMPANMDA2groupdet-ID-1,Other,1,267293_ProbAMPANMDA2groupdet-ID-1
3780,267293_GClamp-ID-1,Other,1,267293_GClamp-ID-1
3781,267293_GClampCa-ID-1,Other,1,267293_GClampCa-ID-1
3782,267293_ProbAMPANMDA2group-ID-1,Other,1,267293_ProbAMPANMDA2group-ID-1
3783,267293_ih_almog-ID-1,Other,1,267293_ih_almog-ID-1
3784,267293_ProbUDFsyn2-ID-2,Other,1,267293_ProbUDFsyn2-ID-2
3785,267293_ProbUDFsyn2groupdet-ID-1,Other,1,267293_ProbUDFsyn2groupdet-ID-1
3786,267293_GABA-ID-1,Other,1,267293_GABA-ID-1
3787,267293_ProbAMPANMDA2-ID-2,Other,1,267293_ProbAMPANMDA2-ID-2
3788,267293_ProbUDFsyn2group-ID-1,Other,1,267293_ProbUDFsyn2group-ID-1
3792,125689_noise-ID-1,Other,1,125689_noise-ID-1
3793,125689_IPlasSom-ID-1,Other,1,125689_IPlasSom-ID-1
3794,125689_INPUT-ID-1,Other,1,125689_INPUT-ID-1
3795,125689_EPlasSyn-ID-1,Other,1,125689_EPlasSyn-ID-1
3796,125689_ExIAF-ID-1,Other,1,125689_ExIAF-ID-1
3797,125689_EPlasSom-ID-1,Other,1,125689_EPlasSom-ID-1
3798,125689_EtoISom-ID-1,Other,1,125689_EtoISom-ID-1
3799,125689_InhIAF-ID-1,Other,1,125689_InhIAF-ID-1
3800,125689_IPlasSyn-ID-1,Other,1,125689_IPlasSyn-ID-1
3801,125689_EPlasSyntoInh-ID-1,Other,1,125689_EPlasSyntoInh-ID-1
3802,267621_synab-ID-2,Other,2,267621_synab-ID-2;267621_synab-ID-1
3803,267621_kca-ID-2,Other,2,267621_kca-ID-2;267621_kca-ID-1
3804,267621_pr-ID-1,Other,2,267621_pr-ID-1;267621_pr-ID-2
3805,267621_shunt-ID-2,Other,2,267621_shunt-ID-2;267621_shunt-ID-1
3806,267621_na-ID-1,Other,2,267621_na-ID-1;267621_na-ID-2
3807,267621_kda-ID-1,Other,2,267621_kda-ID-1;267621_kda-ID-2
3808,267621_synpy-ID-1,Other,2,267621_synpy-ID-1;267621_synpy-ID-2
3809,267621_caint-ID-1,Other,2,267621_caint-ID-1;267621_caint-ID-2
3810,267621_ca-ID-1,Other,2,267621_ca-ID-1;267621_ca-ID-2
3811,267621_af-ID-2,Other,2,267621_af-ID-2;267621_af-ID-1
3812,267621_as-ID-2,Other,2,267621_as-ID-2;267621_as-ID-1
3813,267621_h-ID-1,Other,2,267621_h-ID-1;267621_h-ID-2
3814,267621_aa-ID-1,Other,2,267621_aa-ID-1;267621_aa-ID-2
3815,267621_leak-ID-1,Other,2,267621_leak-ID-1;267621_leak-ID-2
3816,267621_synpd-ID-2,Other,2,267621_synpd-ID-2;267621_synpd-ID-1
3817,267621_kd-ID-2,Other,2,267621_kd-ID-2;267621_kd-ID-1
3818,116838_stats-ID-1,Other,1,116838_stats-ID-1
3819,116838_vecst-ID-1,Other,1,116838_vecst-ID-1
3820,116838_misc-ID-1,Other,2,116838_misc-ID-1;136095_misc-ID-1
3821,116838_intf_-ID-1,Other,1,116838_intf_-ID-1
3823,120798_syn_g-ID-1,Other,1,120798_syn_g-ID-1
3826,194897_vecevent-ID-1,Other,1,194897_vecevent-ID-1
3827,194897_izhi2007-ID-1,Other,1,194897_izhi2007-ID-1
3828,194897_nsloc-ID-1,Other,1,194897_nsloc-ID-1
3829,194897_stdp-ID-1,Other,1,194897_stdp-ID-1
3833,265523_ingauss-ID-2,Other,10,265523_ingauss-ID-2;265523_ingauss-ID-1;265523_ingauss-ID-8;265523_ingauss-ID-5;265523_ingauss-ID-4;265523_ingauss-ID-10;265523_ingauss-ID-3;265523_ingauss-ID-6;265523_ingauss-ID-9;265523_ingauss-ID-7
3834,265523_Nap-ID-7,Other,10,265523_Nap-ID-7;265523_Nap-ID-8;265523_Nap-ID-5;265523_Nap-ID-3;265523_Nap-ID-4;265523_Nap-ID-2;265523_Nap-ID-6;265523_Nap-ID-1;265523_Nap-ID-9;265523_Nap-ID-10
3835,265523_IKa-ID-9,Other,11,265523_IKa-ID-9;265523_IKa-ID-7;265523_IKa-ID-10;265523_IKa-ID-6;265523_IKa-ID-1;265523_IKa-ID-5;265523_IKa-ID-4;265523_IKa-ID-8;265523_IKa-ID-3;265523_IKa-ID-2;267754_IKa-ID-1
3836,265523_Ksoma-ID-4,Other,10,265523_Ksoma-ID-4;265523_Ksoma-ID-7;265523_Ksoma-ID-2;265523_Ksoma-ID-6;265523_Ksoma-ID-3;265523_Ksoma-ID-5;265523_Ksoma-ID-1;265523_Ksoma-ID-8;265523_Ksoma-ID-9;265523_Ksoma-ID-10
3837,265523_Nasoma-ID-10,Other,10,265523_Nasoma-ID-10;265523_Nasoma-ID-2;265523_Nasoma-ID-6;265523_Nasoma-ID-1;265523_Nasoma-ID-3;265523_Nasoma-ID-4;265523_Nasoma-ID-7;265523_Nasoma-ID-5;265523_Nasoma-ID-8;265523_Nasoma-ID-9
3838,267610_hhy-ID-1,Other,1,267610_hhy-ID-1
3839,267610_hhs-ID-1,Other,1,267610_hhs-ID-1
3841,3434_TrigSynCD-ID-1,Other,1,3434_TrigSynCD-ID-1
3842,3434_PoissonMonauralVM-ID-1,Other,1,3434_PoissonMonauralVM-ID-1
3843,3434_SpikeStats-ID-1,Other,1,3434_SpikeStats-ID-1
3844,3434_PoissonBinauralVM-ID-1,Other,1,3434_PoissonBinauralVM-ID-1
3845,3434_PoissonTrigSyn-ID-1,Other,1,3434_PoissonTrigSyn-ID-1
3847,3434_Counter-ID-1,Other,1,3434_Counter-ID-1
3848,3434_PoissonBinauralILDVM-ID-1,Other,1,3434_PoissonBinauralILDVM-ID-1
3854,144482_nmdacin-ID-1,Other,1,144482_nmdacin-ID-1
3855,144482_cad-ID-1,Other,1,144482_cad-ID-1
3863,144482_ampacin-ID-1,Other,1,144482_ampacin-ID-1
3864,144482_ltpltd-ID-1,Other,1,144482_ltpltd-ID-1
3866,144482_Gfluct-ID-1,Other,1,144482_Gfluct-ID-1
3874,182134_noisesyn-ID-1,Other,1,182134_noisesyn-ID-1
3875,106891_stats-ID-1,Other,1,106891_stats-ID-1
3876,106891_myexpsyn-ID-1,Other,1,106891_myexpsyn-ID-1
3877,106891_jitcon-ID-1,Other,1,106891_jitcon-ID-1
3878,106891_vecst-ID-1,Other,1,106891_vecst-ID-1
3879,106891_misc-ID-1,Other,1,106891_misc-ID-1
3880,185123_glutamate-ID-1,Other,1,185123_glutamate-ID-1
3881,185123_HHstshort-ID-1,Other,1,185123_HHstshort-ID-1
3883,150288_shock2pyrD-ID-1,Other,1,150288_shock2pyrD-ID-1
3884,150288_tone2pyrV-ID-1,Other,1,150288_tone2pyrV-ID-1
3886,150288_pyrD2interD_STFD-ID-1,Other,1,150288_pyrD2interD_STFD-ID-1
3887,150288_tone2interDNE-ID-1,Other,1,150288_tone2interDNE-ID-1
3888,150288_interV2pyrDDA_STFD-ID-1,Other,1,150288_interV2pyrDDA_STFD-ID-1
3889,150288_pyrV2interD_STFD-ID-1,Other,1,150288_pyrV2interD_STFD-ID-1
3890,150288_interD2pyrDDA_STFD-ID-1,Other,1,150288_interD2pyrDDA_STFD-ID-1
3891,150288_shock2pyrV-ID-1,Other,1,150288_shock2pyrV-ID-1
3892,150288_tone2pyrD-ID-1,Other,1,150288_tone2pyrD-ID-1
3893,150288_bg2inter-ID-1,Other,1,150288_bg2inter-ID-1
3894,150288_shock2interD-ID-1,Other,1,150288_shock2interD-ID-1
3895,150288_pyrV2pyrVDA_STFD-ID-1,Other,1,150288_pyrV2pyrVDA_STFD-ID-1
3896,150288_pyrD2interV_STFD-ID-1,Other,1,150288_pyrD2interV_STFD-ID-1
3897,150288_tone2pyrDNE-ID-1,Other,1,150288_tone2pyrDNE-ID-1
3898,150288_shock2interV-ID-1,Other,1,150288_shock2interV-ID-1
3899,150288_pyrD2pyrVDA_STFD-ID-1,Other,1,150288_pyrD2pyrVDA_STFD-ID-1
3900,150288_pyrV2interV_STFD-ID-1,Other,1,150288_pyrV2interV_STFD-ID-1
3901,150288_tone2pyrDNE_LAdv-ID-1,Other,1,150288_tone2pyrDNE_LAdv-ID-1
3902,150288_interD2pyrDDANE_STFD-ID-1,Other,1,150288_interD2pyrDDANE_STFD-ID-1
3903,150288_tone2interVNE-ID-1,Other,1,150288_tone2interVNE-ID-1
3905,150288_pyrD2pyrD_STFD-ID-1,Other,1,150288_pyrD2pyrD_STFD-ID-1
3906,150288_interD2pyrDNE_STFD-ID-1,Other,1,150288_interD2pyrDNE_STFD-ID-1
3907,150288_interD2pyrVDA_STFD-ID-1,Other,1,150288_interD2pyrVDA_STFD-ID-1
3909,150288_interV2pyrDDANE_STFD-ID-1,Other,1,150288_interV2pyrDDANE_STFD-ID-1
3911,150288_interV2pyrD_STFD-ID-1,Other,1,150288_interV2pyrD_STFD-ID-1
3912,150288_tone2pyrV_LAdd-ID-1,Other,1,150288_tone2pyrV_LAdd-ID-1
3913,150288_interV2pyrVDA_STFD-ID-1,Other,1,150288_interV2pyrVDA_STFD-ID-1
3914,150288_pyrV2pyrD_STFD-ID-1,Other,1,150288_pyrV2pyrD_STFD-ID-1
3915,150288_interV2pyrDNE_STFD-ID-1,Other,1,150288_interV2pyrDNE_STFD-ID-1
3916,150288_interD2pyrD_STFD-ID-1,Other,1,150288_interD2pyrD_STFD-ID-1
3917,150288_pyrD2pyrV_STFD-ID-1,Other,1,150288_pyrD2pyrV_STFD-ID-1
3918,150288_tone2pyrVNE-ID-1,Other,1,150288_tone2pyrVNE-ID-1
3919,150288_interV2pyrV_STFD-ID-1,Other,1,150288_interV2pyrV_STFD-ID-1
3920,150288_pyrD2pyrDDA_STFD-ID-1,Other,1,150288_pyrD2pyrDDA_STFD-ID-1
3921,150288_tone2interD-ID-1,Other,1,150288_tone2interD-ID-1
3922,150288_tone2pyrD_LAdv-ID-1,Other,1,150288_tone2pyrD_LAdv-ID-1
3924,150288_pyrV2pyrDDA_STFD-ID-1,Other,1,150288_pyrV2pyrDDA_STFD-ID-1
3925,150288_bg2pyr-ID-1,Other,1,150288_bg2pyr-ID-1
3926,150288_tone2interV-ID-1,Other,1,150288_tone2interV-ID-1
3927,150288_pyrV2pyrV_STFD-ID-1,Other,1,150288_pyrV2pyrV_STFD-ID-1
3928,150288_interD2pyrV_STFD-ID-1,Other,1,150288_interD2pyrV_STFD-ID-1
3929,150288_tone2pyrVNE_LAdd-ID-1,Other,1,150288_tone2pyrVNE_LAdd-ID-1
3931,206244_cldif-ID-1,Other,1,206244_cldif-ID-1
3932,206244_gabaA_Cl-ID-1,Other,1,206244_gabaA_Cl-ID-1
3933,206244_cat-ID-1,Other,1,206244_cat-ID-1
3934,206244_cad-ID-1,Other,1,206244_cad-ID-1
3936,3800_cansracc-ID-1,Other,1,3800_cansracc-ID-1
3938,3800_nacaex-ID-1,Other,1,3800_nacaex-ID-1
3939,3800_nkpump-ID-1,Other,1,3800_nkpump-ID-1
3940,3800_nipace-ID-1,Other,1,3800_nipace-ID-1
3941,3800_kcum-ID-1,Other,1,3800_kcum-ID-1
3944,3800_capump-ID-1,Other,1,3800_capump-ID-1
3945,3800_cadynam-ID-1,Other,1,3800_cadynam-ID-1
3946,3800_ionback-ID-1,Other,1,3800_ionback-ID-1
3947,3800_cajsr-ID-1,Other,1,3800_cajsr-ID-1
3951,3800_cajsracc-ID-1,Other,1,3800_cajsracc-ID-1
3953,114355_G_na-ID-2,Other,2,114355_G_na-ID-2;114355_G_na-ID-1
3954,114355_peakrec-ID-1,Other,1,114355_peakrec-ID-1
3956,114355_G_kadist-ID-2,Other,2,114355_G_kadist-ID-2;114355_G_kadist-ID-1
3957,114355_M_na-ID-2,Other,2,114355_M_na-ID-2;114355_M_na-ID-1
3958,114355_scexp2syn-ID-1,Other,2,114355_scexp2syn-ID-1;114355_scexp2syn-ID-2
3961,114355_randomizer-ID-2,Other,2,114355_randomizer-ID-2;114355_randomizer-ID-1
3962,114355_scinjectsyn-ID-2,Other,2,114355_scinjectsyn-ID-2;114355_scinjectsyn-ID-1
3963,114355_M_nax-ID-2,Other,2,114355_M_nax-ID-2;114355_M_nax-ID-1
3965,114355_M_h-ID-2,Other,2,114355_M_h-ID-2;114355_M_h-ID-1
3966,114355_coordinates-ID-2,Other,2,114355_coordinates-ID-2;114355_coordinates-ID-1
3967,114355_spike-ID-1,Other,2,114355_spike-ID-1;114355_spike-ID-2
3968,114355_G_nax-ID-2,Other,2,114355_G_nax-ID-2;114355_G_nax-ID-1
3970,114355_peakrec-ID-2,Other,1,114355_peakrec-ID-2
3971,114355_exp-ID-1,Other,1,114355_exp-ID-1
3973,265584_GRC_NA_FHF-ID-3,Other,4,265584_GRC_NA_FHF-ID-3;265584_GRC_NA_FHF-ID-1;265584_GRC_NA_FHF-ID-4;265584_GRC_NA_FHF-ID-2
3974,265584_UBC_TRP-ID-1,Other,1,265584_UBC_TRP-ID-1
3975,265584_cdp5_CR_CAM-ID-1,Other,1,265584_cdp5_CR_CAM-ID-1
3976,265584_Kv22-ID-1,Other,4,265584_Kv22-ID-1;265584_Kv22-ID-4;265584_Kv22-ID-3;265584_Kv22-ID-2
3977,265584_GRC_NA-ID-1,Other,4,265584_GRC_NA-ID-1;265584_GRC_NA-ID-3;265584_GRC_NA-ID-2;265584_GRC_NA-ID-4
3978,265584_cdp5_CR-ID-2,Other,3,265584_cdp5_CR-ID-2;265584_cdp5_CR-ID-3;265584_cdp5_CR-ID-1
3979,185513_DCNsynGABA-ID-1,Other,1,185513_DCNsynGABA-ID-1
3980,150024_Ifluct8-ID-1,Other,2,150024_Ifluct8-ID-1;185513_Ifluct8-ID-1
3981,185513_CaL-ID-1,Other,1,185513_CaL-ID-1
3985,87473_feature_weaver-ID-1,Other,1,87473_feature_weaver-ID-1
3988,87473_cad-ID-1,Other,1,87473_cad-ID-1
3996,155796_cansc-ID-1,Other,1,155796_cansc-ID-1
4001,155796_jcal-ID-1,Other,1,155796_jcal-ID-1
4003,155796_jsvclmp-ID-1,Other,1,155796_jsvclmp-ID-1
4004,243842_CaT-ID-1,Other,1,243842_CaT-ID-1
4005,243842_CAD-ID-1,Other,1,243842_CAD-ID-1
4006,243842_KV2-ID-1,Other,1,243842_KV2-ID-1
4007,243842_KCNQ-ID-1,Other,1,243842_KCNQ-ID-1
4008,243842_SKCA-ID-1,Other,1,243842_SKCA-ID-1
4009,243842_KATP-ID-1,Other,1,243842_KATP-ID-1
4010,243842_Exp2Syn-ID-1,Other,1,243842_Exp2Syn-ID-1
4011,243842_IKCA-ID-1,Other,1,243842_IKCA-ID-1
4012,243842_BKCAm-ID-1,Other,1,243842_BKCAm-ID-1
4013,243842_IH-ID-1,Other,1,243842_IH-ID-1
4014,243842_CaL-ID-1,Other,1,243842_CaL-ID-1
4015,3807_napump-ID-1,Other,1,3807_napump-ID-1
4018,3807_capump-ID-1,Other,1,3807_capump-ID-1
4020,3807_naacum-ID-1,Other,1,3807_naacum-ID-1
4021,3807_caacum-ID-1,Other,1,3807_caacum-ID-1
4026,150446_alphasyn-ID-1,Other,1,150446_alphasyn-ID-1
4029,150446_CadTraub1994-ID-1,Other,1,150446_CadTraub1994-ID-1
4030,150446_NafTraub1994sd-ID-1,Other,1,150446_NafTraub1994sd-ID-1
4032,226422_MAT_model-ID-1,Other,1,226422_MAT_model-ID-1
4035,51196_nmda-ID-1,Other,1,51196_nmda-ID-1
4037,51196_glu1-ID-1,Other,1,51196_glu1-ID-1
4039,51196_gr_ltp1-ID-1,Other,1,51196_gr_ltp1-ID-1
4042,51196_spgen2-ID-1,Other,1,51196_spgen2-ID-1
4044,51196_ampa-ID-1,Other,1,51196_ampa-ID-1
4045,51196_grc_lkg2-ID-1,Other,1,51196_grc_lkg2-ID-1
4046,51196_grc_lkg1-ID-1,Other,1,51196_grc_lkg1-ID-1
4047,51196_grc_calc-ID-1,Other,1,51196_grc_calc-ID-1
4050,121628_EPlasInp-ID-1,Other,1,121628_EPlasInp-ID-1
4051,121628_EPlasSyn-ID-1,Other,1,121628_EPlasSyn-ID-1
4052,121628_ExIAF-ID-1,Other,1,121628_ExIAF-ID-1
4053,121628_EPlasSom-ID-1,Other,1,121628_EPlasSom-ID-1
4054,121628_EPlasSomf-ID-1,Other,1,121628_EPlasSomf-ID-1
4055,121628_InhIAF-ID-1,Other,1,121628_InhIAF-ID-1
4056,121628_EPlasSynf-ID-1,Other,1,121628_EPlasSynf-ID-1
4057,260653_capump-ID-1,Other,1,260653_capump-ID-1
4058,116862_ntleak-ID-1,Other,1,116862_ntleak-ID-1
4059,116862_clampex-ID-1,Other,1,116862_clampex-ID-1
4061,116862_pregencv-ID-1,Other,1,116862_pregencv-ID-1
4062,116862_cp-ID-1,Other,2,116862_cp-ID-1;136095_cp-ID-1
4063,116862_vecst-ID-1,Other,1,116862_vecst-ID-1
4066,116862_cp2-ID-1,Other,2,116862_cp2-ID-1;136095_cp2-ID-1
4069,116862_AMPA-ID-1,Other,1,116862_AMPA-ID-1
4070,116862_GABAB-ID-1,Other,1,116862_GABAB-ID-1
4072,116862_GABAA-ID-1,Other,1,116862_GABAA-ID-1
4076,140881_stats-ID-1,Other,1,140881_stats-ID-1
4077,140881_intf6_-ID-1,Other,2,140881_intf6_-ID-1;141505_intf6_-ID-1
4078,139418_nkpump-ID-1,Other,1,139418_nkpump-ID-1
4080,3808_cadyn-ID-1,Other,2,3808_cadyn-ID-1;139418_capump-ID-1
4081,139418_potassiumcontrol-ID-1,Other,1,139418_potassiumcontrol-ID-1
4082,139418_cax-ID-1,Other,1,139418_cax-ID-1
4083,267686_kdrbca1-ID-1,Other,1,267686_kdrbca1-ID-1
4084,258867_nmdaSyn-ID-1,Other,1,258867_nmdaSyn-ID-1
4085,258867_tonic-ID-1,Other,1,258867_tonic-ID-1
4086,258867_h-ID-1,Other,1,258867_h-ID-1
4087,258867_gabab-ID-1,Other,1,258867_gabab-ID-1
4088,258867_inh-ID-1,Other,1,258867_inh-ID-1
4090,53869_gaussstim-ID-1,Other,1,53869_gaussstim-ID-1
4092,53869_Alpha-ID-1,Other,2,53869_Alpha-ID-1;143114_Alpha-ID-1
4095,141505_stats-ID-1,Other,1,141505_stats-ID-1
4096,141505_vecst-ID-1,Other,1,141505_vecst-ID-1
4097,237595_cpampain-ID-1,Other,2,237595_cpampain-ID-1;237595_cpampain-ID-2
4101,98005_ca_ch-ID-1,Other,1,98005_ca_ch-ID-1
4111,22203_gDKma-ID-1,Other,1,22203_gDKma-ID-1
4112,22203_kslow-ID-2,Other,2,22203_kslow-ID-2;22203_kslow-ID-1
4113,22203_kvfast-ID-2,Other,2,22203_kvfast-ID-2;22203_kvfast-ID-1
4114,22203_kfast-ID-2,Other,2,22203_kfast-ID-2;22203_kfast-ID-1
4116,116830_stats-ID-1,Other,1,116830_stats-ID-1
4117,116830_intf-ID-1,Other,1,116830_intf-ID-1
4118,116830_vecst-ID-1,Other,1,116830_vecst-ID-1
4119,116830_misc-ID-1,Other,1,116830_misc-ID-1
4120,3264_fdsintf-ID-1,Other,1,3264_fdsintf-ID-1
4121,3264_fdsexp2s-ID-1,Other,2,3264_fdsexp2s-ID-1;141273_fdsexp2syn-ID-1
4122,3264_fdsexpsn-ID-1,Other,1,3264_fdsexpsn-ID-1
4123,243448_nav1p9-ID-1,Other,1,243448_nav1p9-ID-1
4124,243448_CaT-ID-1,Other,1,243448_CaT-ID-1
4125,243448_nav1p8-ID-1,Other,1,243448_nav1p8-ID-1
4126,243448_ncxsoma-ID-1,Other,1,243448_ncxsoma-ID-1
4127,243448_nattxs-ID-1,Other,1,243448_nattxs-ID-1
4128,243448_kmtype-ID-1,Other,1,243448_kmtype-ID-1
4129,243448_ip3_diff-ID-1,Other,1,243448_ip3_diff-ID-1
4130,243448_cacc-ID-1,Other,1,243448_cacc-ID-1
4131,243448_CaR-ID-1,Other,1,243448_CaR-ID-1
4132,243448_CaPQ-ID-1,Other,1,243448_CaPQ-ID-1
4133,243448_kdr-ID-1,Other,1,243448_kdr-ID-1
4134,243448_bkca-ID-1,Other,1,243448_bkca-ID-1
4135,243448_kaslow-ID-1,Other,1,243448_kaslow-ID-1
4136,243448_knatype-ID-1,Other,1,243448_knatype-ID-1
4137,243448_soce-ID-1,Other,1,243448_soce-ID-1
4138,243448_hcn-ID-1,Other,1,243448_hcn-ID-1
4139,243448_skca3-ID-1,Other,1,243448_skca3-ID-1
4140,243448_trpm8-ID-1,Other,1,243448_trpm8-ID-1
4141,243448_CaN-ID-1,Other,1,243448_CaN-ID-1
4142,243448_nakpump-ID-1,Other,1,243448_nakpump-ID-1
4143,243448_CaL-ID-1,Other,1,243448_CaL-ID-1
4144,243448_cadyn-ID-1,Other,1,243448_cadyn-ID-1
4145,189186_gapCond-ID-4,Other,6,189186_gapCond-ID-4;189186_gapCond-ID-6;189186_gapCond-ID-1;189186_gapCond-ID-5;189186_gapCond-ID-2;189186_gapCond-ID-3
4146,183014_stats-ID-1,Other,1,183014_stats-ID-1
4147,183014_mySTDP-ID-1,Other,1,183014_mySTDP-ID-1
4148,183014_nsloc-ID-1,Other,1,183014_nsloc-ID-1
4150,87284_cacumm-ID-1,Other,1,87284_cacumm-ID-1
4151,87284_zcaquant-ID-1,Other,1,87284_zcaquant-ID-1
4154,150245_stats-ID-1,Other,1,150245_stats-ID-1
4155,150245_intf6_-ID-1,Other,1,150245_intf6_-ID-1
4161,150621_Leakm-ID-1,Other,1,150621_Leakm-ID-1
4167,185328_hhleak-ID-1,Other,1,185328_hhleak-ID-1
4169,126467_Cont-ID-1,Other,1,126467_Cont-ID-1
4170,189347_bipolarNMDA-ID-1,Other,1,189347_bipolarNMDA-ID-1
4171,189347_SquareInput-ID-1,Other,1,189347_SquareInput-ID-1
4172,189347_SAC2RGCinhib-ID-1,Other,1,189347_SAC2RGCinhib-ID-1
4173,189347_SAC2RGCexc-ID-1,Other,1,189347_SAC2RGCexc-ID-1
4174,189347_HHst-ID-1,Other,1,189347_HHst-ID-1
4175,189347_spike-ID-1,Other,1,189347_spike-ID-1
4176,243446_distr-ID-1,Other,1,243446_distr-ID-1
4177,243446_cdp_smooth-ID-1,Other,1,243446_cdp_smooth-ID-1
4178,243446_cdp_AIS-ID-1,Other,1,243446_cdp_AIS-ID-1
4179,243446_cdp_soma-ID-1,Other,1,243446_cdp_soma-ID-1
4180,243446_cdp_spiny-ID-1,Other,1,243446_cdp_spiny-ID-1
4183,239006_xstim-ID-1,Other,1,239006_xstim-ID-1
4184,239006_fzap-ID-1,Other,1,239006_fzap-ID-1
4185,239006_fsquare-ID-1,Other,1,239006_fsquare-ID-1
4186,136095_stats-ID-1,Other,1,136095_stats-ID-1
4187,136095_clampex-ID-1,Other,1,136095_clampex-ID-1
4188,136095_intfsw-ID-1,Other,1,136095_intfsw-ID-1
4189,136095_pregencv-ID-1,Other,1,136095_pregencv-ID-1
4190,136095_GABAar-ID-1,Other,1,136095_GABAar-ID-1
4191,136095_vecst-ID-1,Other,1,136095_vecst-ID-1
4193,136095_OFThpo-ID-1,Other,1,136095_OFThpo-ID-1
4195,136095_intf_-ID-1,Other,1,136095_intf_-ID-1
4196,136095_GABAbr-ID-1,Other,1,136095_GABAbr-ID-1
4197,136095_GABAa-ID-1,Other,1,136095_GABAa-ID-1
4199,136095_OFThresh-ID-1,Other,1,136095_OFThresh-ID-1
4200,136095_AMPAr-ID-1,Other,1,136095_AMPAr-ID-1
4201,136095_NMDAr-ID-1,Other,1,136095_NMDAr-ID-1
4202,136095_field-ID-1,Other,1,136095_field-ID-1
4209,147461_iCaAN-ID-1,Other,1,147461_iCaAN-ID-1
4210,147461_ComboSyn-ID-1,Other,1,147461_ComboSyn-ID-1
4211,266799_distr-ID-4,Other,6,266799_distr-ID-4;266799_distr-ID-1;266799_distr-ID-3;266799_distr-ID-2;266799_distr-ID-5;266799_distr-ID-6
4212,266799_Kv1A-ID-2,Other,6,266799_Kv1A-ID-2;266799_Kv1A-ID-3;266799_Kv1A-ID-6;266799_Kv1A-ID-4;266799_Kv1A-ID-1;266799_Kv1A-ID-5
4213,266799_kv11-ID-1,Other,6,266799_kv11-ID-1;266799_kv11-ID-2;266799_kv11-ID-6;266799_kv11-ID-5;266799_kv11-ID-3;266799_kv11-ID-4
4214,266799_rsgold-ID-5,Other,2,266799_rsgold-ID-5;266799_rsgold-ID-1
4215,266799_Kv34-ID-4,Other,6,266799_Kv34-ID-4;266799_Kv34-ID-5;266799_Kv34-ID-3;266799_Kv34-ID-1;266799_Kv34-ID-6;266799_Kv34-ID-2
4216,266799_apthreshold-ID-5,Other,6,266799_apthreshold-ID-5;266799_apthreshold-ID-4;266799_apthreshold-ID-2;266799_apthreshold-ID-1;266799_apthreshold-ID-6;266799_apthreshold-ID-3
4217,266799_rsgold-ID-6,Other,4,266799_rsgold-ID-6;266799_rsgold-ID-2;266799_rsgold-ID-4;266799_rsgold-ID-3
4218,266799_Isinunoisy-ID-1,Other,1,266799_Isinunoisy-ID-1
4219,266799_Isinunoisy-ID-3,Other,2,266799_Isinunoisy-ID-3;266799_Isinunoisy-ID-2
4220,18502_nmdasyn-ID-1,Other,1,18502_nmdasyn-ID-1
4222,18502_cadifusl-ID-1,Other,2,18502_cadifusl-ID-1;20212_cadifusl-ID-1
4223,18502_cabpump-ID-1,Other,1,18502_cabpump-ID-1
4224,139421_stats-ID-1,Other,1,139421_stats-ID-1
4225,139421_vecst-ID-1,Other,1,139421_vecst-ID-1
4226,139421_misc-ID-1,Other,1,139421_misc-ID-1
4227,3808_synstim-ID-1,Other,1,3808_synstim-ID-1
4230,3808_nmda-ID-1,Other,1,3808_nmda-ID-1
4232,3808_gabaA2-ID-1,Other,1,3808_gabaA2-ID-1
4233,3808_ican-ID-1,Other,1,3808_ican-ID-1
4234,3808_gabaB2-ID-1,Other,1,3808_gabaB2-ID-1
4235,3808_ampa-ID-1,Other,1,3808_ampa-ID-1
4236,3808_gabaB-ID-1,Other,1,3808_gabaB-ID-1
4237,3808_gabaA-ID-1,Other,1,3808_gabaA-ID-1
4238,3808_nmda2-ID-1,Other,1,3808_nmda2-ID-1
4239,3808_ampa2-ID-1,Other,1,3808_ampa2-ID-1
4241,3808_ih-ID-1,Other,1,3808_ih-ID-1
4243,237594_na16_stoch-ID-1,Other,1,237594_na16_stoch-ID-1
4244,237594_n12_stoch-ID-1,Other,1,237594_n12_stoch-ID-1
4245,237594_na_stoch-ID-1,Other,1,237594_na_stoch-ID-1
4246,266900_calH-ID-1,Other,1,266900_calH-ID-1
4247,266900_na3n-ID-1,Other,1,266900_na3n-ID-1
4248,266900_somacar-ID-1,Other,1,266900_somacar-ID-1
4249,266900_can2-ID-1,Other,1,266900_can2-ID-1
4250,266900_car-ID-1,Other,1,266900_car-ID-1
4251,266900_cagk-ID-1,Other,1,266900_cagk-ID-1
4252,266797_cad2-ID-2,Other,3,266797_cad2-ID-2;266900_cad2-ID-1;266797_cad2-ID-1
4253,266900_naxn-ID-1,Other,1,266900_naxn-ID-1
4254,266900_kdrca1_3-ID-1,Other,1,266900_kdrca1_3-ID-1
4255,266900_h-ID-1,Other,1,266900_h-ID-1
4256,266900_kca2-ID-1,Other,1,266900_kca2-ID-1
4257,266900_kaprox-ID-1,Other,1,266900_kaprox-ID-1
4258,266900_na3ndend-ID-1,Other,1,266900_na3ndend-ID-1
4259,266900_kmdb-ID-1,Other,1,266900_kmdb-ID-1
4260,266900_kd-ID-1,Other,1,266900_kd-ID-1
4261,266900_flagall-ID-1,Other,1,266900_flagall-ID-1
4262,266900_cat2-ID-1,Other,1,266900_cat2-ID-1
4263,266900_kadist-ID-1,Other,1,266900_kadist-ID-1
4264,266900_cal2-ID-1,Other,1,266900_cal2-ID-1
4281,126637_CalciumP-ID-1,Other,1,126637_CalciumP-ID-1
4293,187610_nmdaSyn-ID-1,Other,1,187610_nmdaSyn-ID-1
4294,187610_exc-ID-1,Other,1,187610_exc-ID-1
4295,187610_inh-ID-1,Other,1,187610_inh-ID-1
4297,230326_cadp-ID-1,Other,1,230326_cadp-ID-1
4299,230326_ncx-ID-1,Other,1,230326_ncx-ID-1
4300,230326_naSyn-ID-1,Other,1,230326_naSyn-ID-1
4307,116094_GradGABAa-ID-1,Other,1,116094_GradGABAa-ID-1
4308,116094_ipscGauss-ID-1,Other,1,116094_ipscGauss-ID-1
4309,116094_currentGauss-ID-1,Other,1,116094_currentGauss-ID-1
4310,116094_cadecay-ID-1,Other,2,116094_cadecay-ID-1;116094_cadecay-ID-2
4311,116094_shuntInhib-ID-2,Other,2,116094_shuntInhib-ID-2;116094_shuntInhib-ID-1
4312,116094_stim2-ID-1,Other,1,116094_stim2-ID-1
4313,116094_stim2-ID-2,Other,1,116094_stim2-ID-2
4314,189922_hhrx-ID-1,Other,1,189922_hhrx-ID-1
4315,189922_hhrx_clay_2-ID-1,Other,1,189922_hhrx_clay_2-ID-1
4316,183424_kinsyn-ID-1,Other,1,183424_kinsyn-ID-1
4317,232023_Pregen-ID-1,Other,1,232023_Pregen-ID-1
4319,232023_Golgi_extraGABA-ID-1,Other,1,232023_Golgi_extraGABA-ID-1
4322,232023_Golgi_SK2-ID-1,Other,1,232023_Golgi_SK2-ID-1
4323,232023_Golgi_CALC-ID-1,Other,1,232023_Golgi_CALC-ID-1
4324,232023_Golgi_KM-ID-1,Other,1,232023_Golgi_KM-ID-1
4325,232023_Golgi_hcn1-ID-1,Other,1,232023_Golgi_hcn1-ID-1
4326,232023_Golgi_lkg-ID-1,Other,1,232023_Golgi_lkg-ID-1
4327,232023_Golgi_hcn2-ID-1,Other,1,232023_Golgi_hcn2-ID-1
4328,232023_Golgi_CALC_ca2-ID-1,Other,1,232023_Golgi_CALC_ca2-ID-1
4329,232023_Golgi_KA-ID-1,Other,1,232023_Golgi_KA-ID-1
4330,232023_Golgi_KV-ID-1,Other,1,232023_Golgi_KV-ID-1
4331,232023_Golgi_Ca_LVA-ID-1,Other,1,232023_Golgi_Ca_LVA-ID-1
4332,232023_Golgi_BK-ID-1,Other,1,232023_Golgi_BK-ID-1
4334,232023_gap-ID-1,Other,1,232023_gap-ID-1
4335,232023_GoCNMDAexp-ID-1,Other,1,232023_GoCNMDAexp-ID-1
4336,232023_GoCsyn-ID-1,Other,1,232023_GoCsyn-ID-1
4337,232023_Synapse-ID-1,Other,1,232023_Synapse-ID-1
4338,232023_GoCGABAexp-ID-1,Other,1,232023_GoCGABAexp-ID-1
4339,232023_GrCGABAexp-ID-1,Other,1,232023_GrCGABAexp-ID-1
4340,232023_GRC_AMPA_NMDA_merged-ID-1,Other,1,232023_GRC_AMPA_NMDA_merged-ID-1
4341,232023_GoCsynAMPA-ID-1,Other,1,232023_GoCsynAMPA-ID-1
4342,232023_GRANULE_CALC-ID-1,Other,1,232023_GRANULE_CALC-ID-1
4344,232023_GRANULE_LKG2-ID-1,Other,1,232023_GRANULE_LKG2-ID-1
4346,232023_GRANULE_LKG1-ID-1,Other,1,232023_GRANULE_LKG1-ID-1
4347,232023_GRANULE_KM-ID-1,Other,1,232023_GRANULE_KM-ID-1
4349,232023_GRANULE_KIR-ID-1,Other,1,232023_GRANULE_KIR-ID-1
4350,232023_GRANULE_Nmda_leak-ID-1,Other,1,232023_GRANULE_Nmda_leak-ID-1
4351,232023_GRANULE_KV-ID-1,Other,1,232023_GRANULE_KV-ID-1
4352,232023_GRANULE_KA-ID-1,Other,1,232023_GRANULE_KA-ID-1
4354,232023_GRANULE_KCA-ID-1,Other,1,232023_GRANULE_KCA-ID-1
4355,232023_GrCtonicGABA-ID-1,Other,1,232023_GrCtonicGABA-ID-1
4356,267221_ichan2cck-ID-1,Other,1,267221_ichan2cck-ID-1
4357,267221_calH-ID-1,Other,1,267221_calH-ID-1
4358,267221_kca-ID-1,Other,1,267221_kca-ID-1
4359,267221_nafcr-ID-1,Other,1,267221_nafcr-ID-1
4360,267221_km-ID-1,Other,1,267221_km-ID-1
4361,267221_cancr-ID-1,Other,1,267221_cancr-ID-1
4362,267221_bgka-ID-1,Other,1,267221_bgka-ID-1
4363,267221_cat-ID-1,Other,1,267221_cat-ID-1
4364,267221_gskch-ID-1,Other,1,267221_gskch-ID-1
4365,267221_nmda-ID-1,Other,1,267221_nmda-ID-1
4366,267221_somacar-ID-1,Other,1,267221_somacar-ID-1
4367,267221_ikscr-ID-1,Other,1,267221_ikscr-ID-1
4368,267221_IA-ID-1,Other,1,267221_IA-ID-1
4369,267221_cad-ID-1,Other,1,267221_cad-ID-1
4370,267221_car-ID-1,Other,1,267221_car-ID-1
4371,267221_ichan2vip-ID-1,Other,1,267221_ichan2vip-ID-1
4372,267221_iccr-ID-1,Other,1,267221_iccr-ID-1
4373,267221_k_olm-ID-1,Other,1,267221_k_olm-ID-1
4374,267221_nca-ID-1,Other,1,267221_nca-ID-1
4375,267221_na_olm-ID-1,Other,1,267221_na_olm-ID-1
4376,267221_ccanl-ID-1,Other,1,267221_ccanl-ID-1
4377,267221_lca-ID-1,Other,1,267221_lca-ID-1
4378,267221_hha2-ID-1,Other,1,267221_hha2-ID-1
4379,267221_hha_old-ID-1,Other,1,267221_hha_old-ID-1
4380,267221_my_exp2syn-ID-1,Other,1,267221_my_exp2syn-ID-1
4381,267221_h-ID-1,Other,1,267221_h-ID-1
4382,267221_kdrcr-ID-1,Other,1,267221_kdrcr-ID-1
4383,267221_vecstim-ID-1,Other,1,267221_vecstim-ID-1
4384,267221_mykca-ID-1,Other,1,267221_mykca-ID-1
4385,267221_kap-ID-1,Other,1,267221_kap-ID-1
4386,267221_Ih-ID-1,Other,1,267221_Ih-ID-1
4387,267221_kad-ID-1,Other,1,267221_kad-ID-1
4388,267221_cal-ID-1,Other,1,267221_cal-ID-1
4389,127388_twoStateGen-ID-1,Other,1,127388_twoStateGen-ID-1
4390,127388_dbsStim-ID-1,Other,1,127388_dbsStim-ID-1
4391,127388_gabaap-ID-1,Other,1,127388_gabaap-ID-1
4393,127388_ampap-ID-1,Other,1,127388_ampap-ID-1
4394,127388_scopRandom-ID-1,Other,1,127388_scopRandom-ID-1
4399,266797_kca-ID-1,Other,2,266797_kca-ID-1;266797_kca-ID-2
4400,266797_NapIn-ID-1,Other,2,266797_NapIn-ID-1;266797_NapIn-ID-2
4401,266797_kdr-ID-1,Other,2,266797_kdr-ID-1;266797_kdr-ID-2
4402,266797_cagk-ID-2,Other,2,266797_cagk-ID-2;266797_cagk-ID-1
4403,266797_cacumm-ID-2,Other,2,266797_cacumm-ID-2;266797_cacumm-ID-1
4404,266797_h-ID-1,Other,2,266797_h-ID-1;266797_h-ID-2
4405,266797_kmb-ID-2,Other,2,266797_kmb-ID-2;266797_kmb-ID-1
4406,266797_catb-ID-2,Other,2,266797_catb-ID-2;266797_catb-ID-1
4407,223955_na8st1-ID-19,Other,2,223955_na8st1-ID-19;223955_na8st1-ID-1
4408,223955_na8st-ID-4,Other,20,223955_na8st-ID-4;223955_na8st-ID-20;223955_na8st-ID-2;223955_na8st-ID-5;223955_na8st-ID-11;223955_na8st-ID-1;223955_na8st-ID-12;223955_na8st-ID-19;223955_na8st-ID-3;223955_na8st-ID-13;223955_na8st-ID-6;223955_na8st-ID-15;223955_na8st-ID-9;223955_na8st-ID-8;223955_na8st-ID-10;223955_na8st-ID-16;223955_na8st-ID-17;223955_na8st-ID-14;223955_na8st-ID-18;223955_na8st-ID-7
4409,223955_na8st1-ID-2,Other,2,223955_na8st1-ID-2;223955_na8st1-ID-20
4410,223955_nax8st1-ID-1,Other,1,223955_nax8st1-ID-1
4411,223955_nax8st-ID-6,Other,10,223955_nax8st-ID-6;223955_nax8st-ID-3;223955_nax8st-ID-8;223955_nax8st-ID-16;223955_nax8st-ID-13;223955_nax8st-ID-19;223955_nax8st-ID-5;223955_nax8st-ID-10;223955_nax8st-ID-4;223955_nax8st-ID-2
4412,223955_na8st1-ID-3,Other,1,223955_na8st1-ID-3
4413,223955_nax8st1-ID-2,Other,1,223955_nax8st1-ID-2
4414,223955_na8st1-ID-4,Other,2,223955_na8st1-ID-4;223955_na8st1-ID-17
4415,223955_nax8st1-ID-3,Other,1,223955_nax8st1-ID-3
4416,223955_na8st1-ID-5,Other,4,223955_na8st1-ID-5;223955_na8st1-ID-14;223955_na8st1-ID-11;223955_na8st1-ID-10
4417,223955_nax8st1-ID-9,Other,3,223955_nax8st1-ID-9;223955_nax8st1-ID-7;223955_nax8st1-ID-4
4418,223955_na8st1-ID-6,Other,4,223955_na8st1-ID-6;223955_na8st1-ID-16;223955_na8st1-ID-15;223955_na8st1-ID-12
4419,223955_nax8st1-ID-10,Other,2,223955_nax8st1-ID-10;223955_nax8st1-ID-5
4420,223955_na8st1-ID-7,Other,2,223955_na8st1-ID-7;223955_na8st1-ID-8
4421,223955_nax8st1-ID-6,Other,1,223955_nax8st1-ID-6
4422,223955_na8st1-ID-13,Other,2,223955_na8st1-ID-13;223955_na8st1-ID-9
4423,223955_nax8st1-ID-8,Other,1,223955_nax8st1-ID-8
4424,223955_na8st1-ID-18,Other,1,223955_na8st1-ID-18
4425,223955_nax8st1-ID-11,Other,1,223955_nax8st1-ID-11
4433,244262_ri-ID-1,Other,1,244262_ri-ID-1
4434,244262_par_ggap-ID-1,Other,1,244262_par_ggap-ID-1
4437,7988_relramp-ID-1,Other,1,7988_relramp-ID-1
4438,7988_glurel-ID-1,Other,1,7988_glurel-ID-1
4439,7988_glurelex-ID-1,Other,1,7988_glurelex-ID-1
4440,7988_IVnmda5-ID-1,Other,1,7988_IVnmda5-ID-1
4441,7988_nmda5-ID-1,Other,1,7988_nmda5-ID-1
4442,151681_fi-ID-1,Other,2,151681_fi-ID-1;168591_fi-ID-1
4443,151681_ampanmda-ID-1,Other,2,151681_ampanmda-ID-1;168591_ampanmda-ID-1
4444,231185_kca-ID-1,Other,1,231185_kca-ID-1
4445,231185_km-ID-1,Other,1,231185_km-ID-1
4446,231185_cad-ID-1,Other,1,231185_cad-ID-1
4447,231185_na-ID-1,Other,1,231185_na-ID-1
4448,231185_NMDA_Mg_T-ID-1,Other,1,231185_NMDA_Mg_T-ID-1
4449,231185_ca-ID-1,Other,1,231185_ca-ID-1
4450,231185_NMDA_syn-ID-1,Other,1,231185_NMDA_syn-ID-1
4451,231185_ampa-ID-1,Other,1,231185_ampa-ID-1
4452,231185_gabaa-ID-1,Other,1,231185_gabaa-ID-1
4453,231185_kv-ID-1,Other,1,231185_kv-ID-1
4454,231185_kap-ID-1,Other,1,231185_kap-ID-1
4455,136176_nmda_syn-ID-1,Other,1,136176_nmda_syn-ID-1
4462,82849_kdyn-ID-1,Other,1,82849_kdyn-ID-1
4467,82849_cadyn-ID-1,Other,1,82849_cadyn-ID-1
4468,260972_hhaxon-ID-1,Other,1,260972_hhaxon-ID-1
4469,260972_hhsoma-ID-1,Other,1,260972_hhsoma-ID-1
4470,183300_fi-ID-1,Other,1,183300_fi-ID-1
4471,183300_ampanmda-ID-3,Other,4,183300_ampanmda-ID-3;183300_ampanmda-ID-1;183300_ampanmda-ID-2;185864_ampanmda-ID-1
4472,183300_vecstim-ID-1,Other,1,183300_vecstim-ID-1
4473,183300_thetastim-ID-1,Other,1,183300_thetastim-ID-1
4474,183300_vecstim1-ID-1,Other,1,183300_vecstim1-ID-1
4475,183300_thetastim-ID-3,Other,2,183300_thetastim-ID-3;183300_thetastim-ID-2
4476,183300_pnetstim-ID-1,Other,1,183300_pnetstim-ID-1
4477,183300_order1-ID-1,Other,1,183300_order1-ID-1
4481,266844_glutamate-ID-3,Other,3,266844_glutamate-ID-3;266844_glutamate-ID-1;266844_glutamate-ID-2
4482,117459_hh2-ID-3,Other,4,117459_hh2-ID-3;117459_hh2-ID-4;117459_hh2-ID-1;117459_hh2-ID-2
4483,263193_clsT-ID-1,Other,1,263193_clsT-ID-1
4484,267391_inap-ID-1,Other,1,267391_inap-ID-1
4485,267391_capump-ID-1,Other,1,267391_capump-ID-1
4486,267391_spikeOptm-ID-1,Other,1,267391_spikeOptm-ID-1
4487,267391_icat-ID-1,Other,1,267391_icat-ID-1
4488,267391_vchange-ID-1,Other,1,267391_vchange-ID-1
4489,267391_spike-ID-1,Other,1,267391_spike-ID-1
4490,267391_ih-ID-1,Other,1,267391_ih-ID-1
4491,267391_Xtra-ID-1,Other,1,267391_Xtra-ID-1
4492,96444_expsid-ID-1,Other,1,96444_expsid-ID-1
4493,96444_exp2sid-ID-1,Other,1,96444_exp2sid-ID-1
4494,266872_IntFire_PD-ID-1,Other,1,266872_IntFire_PD-ID-1
4495,143114_currentGauss-ID-1,Other,1,143114_currentGauss-ID-1
4496,143114_vecevent-ID-1,Other,1,143114_vecevent-ID-1
4497,143114_refrac_abs-ID-1,Other,1,143114_refrac_abs-ID-1
4498,143114_refrac_rel-ID-1,Other,1,143114_refrac_rel-ID-1
4500,122329_syn-ID-1,Other,1,122329_syn-ID-1
4501,122329_ca_gp-ID-1,Other,1,122329_ca_gp-ID-1
4505,122329_leak_gp-ID-1,Other,1,122329_leak_gp-ID-1
4508,262046_Thalamic_I_Na_K-ID-1,Other,1,262046_Thalamic_I_Na_K-ID-1
4509,262046_Interneuron_I_K-ID-1,Other,1,262046_Interneuron_I_K-ID-1
4510,262046_Cortical_Soma_I_Na-ID-1,Other,1,262046_Cortical_Soma_I_Na-ID-1
4511,262046_Cortical_Soma_I_M-ID-1,Other,1,262046_Cortical_Soma_I_M-ID-1
4512,262046_Interneuron_I_Leak-ID-1,Other,1,262046_Interneuron_I_Leak-ID-1
4513,262046_SynNoise-ID-1,Other,1,262046_SynNoise-ID-1
4514,262046_Cortical_Soma_I_K-ID-1,Other,1,262046_Cortical_Soma_I_K-ID-1
4515,262046_Cortical_Axon_I_Na-ID-1,Other,1,262046_Cortical_Axon_I_Na-ID-1
4516,262046_Thalamic_I_T-ID-1,Other,1,262046_Thalamic_I_T-ID-1
4517,262046_Thalamic_I_leak-ID-1,Other,1,262046_Thalamic_I_leak-ID-1
4518,262046_Destexhe_Static_AMPA_Synapse-ID-1,Other,1,262046_Destexhe_Static_AMPA_Synapse-ID-1
4519,262046_Interneuron_I_Na-ID-1,Other,1,262046_Interneuron_I_Na-ID-1
4520,262046_Cortical_Axon_I_Kv-ID-1,Other,1,262046_Cortical_Axon_I_Kv-ID-1
4521,262046_Cortical_Soma_I_Leak-ID-1,Other,1,262046_Cortical_Soma_I_Leak-ID-1
4522,262046_Cortical_Axon_I_Leak-ID-1,Other,1,262046_Cortical_Axon_I_Leak-ID-1
4523,262046_Destexhe_Static_GABAA_Synapse-ID-1,Other,1,262046_Destexhe_Static_GABAA_Synapse-ID-1
4524,262046_Cortical_Axon_I_Kd-ID-1,Other,1,262046_Cortical_Axon_I_Kd-ID-1
4525,260178_Ca_HVA-ID-1,Other,1,260178_Ca_HVA-ID-1
4526,260178_capump-ID-1,Other,1,260178_capump-ID-1
4527,260178_BK-ID-1,Other,1,260178_BK-ID-1
4529,151482_gapcalcium-ID-1,Other,1,151482_gapcalcium-ID-1
4531,151482_cadifus2-ID-1,Other,1,151482_cadifus2-ID-1
4532,151482_borgkdr-ID-1,Other,1,151482_borgkdr-ID-1
4534,35358_vecst-ID-1,Other,1,35358_vecst-ID-1
4538,35358_rcadecay-ID-1,Other,1,35358_rcadecay-ID-1
4540,35358_matrix-ID-1,Other,1,35358_matrix-ID-1
4546,256024_LGMD_Ih-ID-1,Other,2,256024_LGMD_Ih-ID-1;267594_LGMD_Ih-ID-1
4547,256024_LGMD_KA-ID-1,Other,2,256024_LGMD_KA-ID-1;267594_LGMD_KA-ID-1
4548,256024_LGMD_IM-ID-1,Other,2,256024_LGMD_IM-ID-1;267594_LGMD_IM-ID-1
4549,267594_LGMD_NaP-ID-1,Other,1,267594_LGMD_NaP-ID-1
4550,256024_LGMD_KD-ID-1,Other,2,256024_LGMD_KD-ID-1;267594_LGMD_KD-ID-1
4551,267594_LGMD_Kdr_dend-ID-1,Other,1,267594_LGMD_Kdr_dend-ID-1
4552,256024_LGMD_KdrF-ID-1,Other,2,256024_LGMD_KdrF-ID-1;267594_LGMD_KdrF-ID-1
4553,256024_LGMD_KD_cn2-ID-1,Other,2,256024_LGMD_KD_cn2-ID-1;267594_LGMD_KD_cn2-ID-1
4554,256024_LGMD_KD_cn-ID-1,Other,2,256024_LGMD_KD_cn-ID-1;267594_LGMD_KD_cn-ID-1
4555,256024_LGMD_CaIn-ID-1,Other,2,256024_LGMD_CaIn-ID-1;267594_LGMD_CaIn-ID-1
4556,256024_LGMD_KD_ca3-ID-1,Other,2,256024_LGMD_KD_ca3-ID-1;267594_LGMD_KD_ca3-ID-1
4557,256024_LGMD_KD_ca2-ID-1,Other,2,256024_LGMD_KD_ca2-ID-1;267594_LGMD_KD_ca2-ID-1
4558,267594_LGMD_KD_ca-ID-1,Other,1,267594_LGMD_KD_ca-ID-1
4559,256024_LGMD_CaS-ID-1,Other,2,256024_LGMD_CaS-ID-1;267594_LGMD_CaS-ID-1
4560,256024_LGMD_KCa-ID-1,Other,2,256024_LGMD_KCa-ID-1;267594_LGMD_KCa-ID-1
4561,267594_LGMD_CaT-ID-1,Other,1,267594_LGMD_CaT-ID-1
4562,256024_LGMD_HH_Kdr-ID-1,Other,2,256024_LGMD_HH_Kdr-ID-1;267594_LGMD_HH_Kdr-ID-1
4563,267594_LGMD_Na-ID-1,Other,1,267594_LGMD_Na-ID-1
4564,267594_LGMD_HH_Na-ID-1,Other,1,267594_LGMD_HH_Na-ID-1
4565,256024_LGMD_KD2-ID-1,Other,2,256024_LGMD_KD2-ID-1;267594_LGMD_KD2-ID-1
4571,84589_hdend-ID-1,Other,1,84589_hdend-ID-1
4573,84589_hsoma-ID-1,Other,1,84589_hsoma-ID-1
4574,84589_naf-ID-1,Other,1,84589_naf-ID-1
4575,84589_cadif-ID-1,Other,1,84589_cadif-ID-1
4582,147514_cadif_pump-ID-1,Other,1,147514_cadif_pump-ID-1
4584,147514_cadif-ID-1,Other,1,147514_cadif-ID-1
4588,267103_LUTsyn_NMDA_5th_E3_dtc-ID-1,Other,1,267103_LUTsyn_NMDA_5th_E3_dtc-ID-1
4589,267103_exp2syn_v2-ID-1,Other,1,267103_exp2syn_v2-ID-1
4590,267103_AMPA16v8_noNetCon-ID-1,Other,1,267103_AMPA16v8_noNetCon-ID-1
4591,267103_NTDiffusion-ID-1,Other,1,267103_NTDiffusion-ID-1
4592,267103_LUTsyn_AMPA_4th_E3_dtc-ID-1,Other,1,267103_LUTsyn_AMPA_4th_E3_dtc-ID-1
4593,267103_NMDA_v6_3_opt-ID-1,Other,1,267103_NMDA_v6_3_opt-ID-1
4594,267103_E3_NMDA_v2-ID-1,Other,1,267103_E3_NMDA_v2-ID-1
4596,114047_gap-ID-1,Other,1,114047_gap-ID-1
4598,249463_ca_r-ID-1,Other,1,249463_ca_r-ID-1
4599,249463_ca_h-ID-1,Other,1,249463_ca_h-ID-1
4600,256024_distr-ID-1,Other,1,256024_distr-ID-1
4601,256024_gap-ID-1,Other,1,256024_gap-ID-1
4602,256024_chirp-ID-1,Other,1,256024_chirp-ID-1
4603,256024_LGMD_NaP-ID-1,Other,1,256024_LGMD_NaP-ID-1
4604,256024_na3n-ID-1,Other,1,256024_na3n-ID-1
4605,256024_Lpas2-ID-1,Other,1,256024_Lpas2-ID-1
4606,256024_Ih_ca-ID-1,Other,1,256024_Ih_ca-ID-1
4607,256024_LGMD_Kdr_dend-ID-1,Other,1,256024_LGMD_Kdr_dend-ID-1
4608,256024_LGMD_Cl-ID-1,Other,1,256024_LGMD_Cl-ID-1
4609,256024_taupas-ID-1,Other,1,256024_taupas-ID-1
4610,256024_Lm-ID-1,Other,1,256024_Lm-ID-1
4611,256024_naxn-ID-1,Other,1,256024_naxn-ID-1
4612,256024_LGMD_KD_ca-ID-1,Other,1,256024_LGMD_KD_ca-ID-1
4613,256024_Zpas-ID-1,Other,1,256024_Zpas-ID-1
4614,256024_h-ID-1,Other,1,256024_h-ID-1
4615,256024_kaprox-ID-1,Other,1,256024_kaprox-ID-1
4616,256024_Lpas-ID-1,Other,1,256024_Lpas-ID-1
4617,256024_kdrca1-ID-1,Other,1,256024_kdrca1-ID-1
4618,256024_LGMD_CaT-ID-1,Other,1,256024_LGMD_CaT-ID-1
4619,256024_LGMD_Na-ID-1,Other,1,256024_LGMD_Na-ID-1
4620,256024_kadist-ID-1,Other,1,256024_kadist-ID-1
4621,256024_LGMD_Na_fi-ID-1,Other,1,256024_LGMD_Na_fi-ID-1
4622,267551_izhi2007b_dyn_thr-ID-1,Other,1,267551_izhi2007b_dyn_thr-ID-1
4623,267551_FluctExp2Syn-ID-1,Other,1,267551_FluctExp2Syn-ID-1
4624,267307_nmdaSyn-ID-1,Other,1,267307_nmdaSyn-ID-1
4625,267307_cacumm-ID-1,Other,1,267307_cacumm-ID-1
4626,235320_newleak-ID-1,Other,1,235320_newleak-ID-1
4627,235320_slowhh3-ID-1,Other,1,235320_slowhh3-ID-1
4628,261460_ProbAMPANMDA2_ratio-ID-1,Other,1,261460_ProbAMPANMDA2_ratio-ID-1
4629,261460_ProbAMPA-ID-1,Other,1,261460_ProbAMPA-ID-1
4630,261460_ProbUDFsyn2_lark-ID-1,Other,1,261460_ProbUDFsyn2_lark-ID-1
4634,144502_leak-ID-1,Other,1,144502_leak-ID-1
4635,144502_gapser2-ID-1,Other,1,144502_gapser2-ID-1
4636,136310_ImpedanceFM-ID-1,Other,1,136310_ImpedanceFM-ID-1
4637,239145_netgaba-ID-1,Other,1,239145_netgaba-ID-1
4638,239145_netglutamate-ID-1,Other,1,239145_netglutamate-ID-1
4639,147141_infot-ID-1,Other,1,147141_infot-ID-1
4640,147141_intf6-ID-1,Other,1,147141_intf6-ID-1
4641,267738_module3-ID-1,Other,1,267738_module3-ID-1
4642,267738_Xm-ID-1,Other,1,267738_Xm-ID-1
4643,267738_module1_2-ID-1,Other,1,267738_module1_2-ID-1
4644,267738_Istim-ID-1,Other,1,267738_Istim-ID-1
4646,97756_svclmp-ID-1,Other,1,97756_svclmp-ID-1
4647,206398_Gfluct-ID-1,Other,1,206398_Gfluct-ID-1
4648,144566_stdp_cc-ID-1,Other,1,144566_stdp_cc-ID-1
4652,261435_CaSK-ID-1,Other,1,261435_CaSK-ID-1
4653,261435_type21v02-ID-1,Other,1,261435_type21v02-ID-1
4654,261435_Chav-ID-1,Other,1,261435_Chav-ID-1
4655,190140_mea-ID-1,Other,1,190140_mea-ID-1
4656,190140_lfp-ID-1,Other,1,190140_lfp-ID-1
4660,267355_cdp5-ID-1,Other,1,267355_cdp5-ID-1
4661,267355_na16-ID-1,Other,1,267355_na16-ID-1
4662,267355_SK-ID-1,Other,1,267355_SK-ID-1
4663,267355_na12-ID-1,Other,1,267355_na12-ID-1
4664,267355_ca_r-ID-1,Other,1,267355_ca_r-ID-1
4665,267355_skbk-ID-1,Other,1,267355_skbk-ID-1
4666,267355_undernai-ID-1,Other,1,267355_undernai-ID-1
4667,267355_cdp5r-ID-1,Other,1,267355_cdp5r-ID-1
4668,267355_kdrca1-ID-1,Other,1,267355_kdrca1-ID-1
4669,267355_curclamp-ID-1,Other,1,267355_curclamp-ID-1
4670,267355_nax8st-ID-1,Other,1,267355_nax8st-ID-1
4671,267355_ca_h-ID-1,Other,1,267355_ca_h-ID-1
4672,267355_Kv1_axonal-ID-1,Other,1,267355_Kv1_axonal-ID-1
4673,267355_na8st-ID-1,Other,1,267355_na8st-ID-1
4674,267355_nadifl-ID-1,Other,1,267355_nadifl-ID-1
4675,267355_Kv-ID-1,Other,1,267355_Kv-ID-1
4676,3343_ampa-ID-1,Other,1,3343_ampa-ID-1
4677,3343_gabab-ID-1,Other,1,3343_gabab-ID-1
4678,3343_gabaa-ID-1,Other,1,3343_gabaa-ID-1
4679,266842_sinclamp-ID-2,Other,2,266842_sinclamp-ID-2;266842_sinclamp-ID-1
4684,20212_ht-ID-1,Other,1,20212_ht-ID-1
4691,20212_ican-ID-1,Other,1,20212_ican-ID-1
4698,20212_cad_trunk-ID-1,Other,1,20212_cad_trunk-ID-1
4699,20212_capump-ID-1,Other,1,20212_capump-ID-1
4700,20212_cad3-ID-1,Other,1,20212_cad3-ID-1
4701,20212_cacum-ID-1,Other,1,20212_cacum-ID-1
4707,20212_abbott-ID-1,Other,1,20212_abbott-ID-1
4714,20212_abbott_nmda-ID-1,Other,1,20212_abbott_nmda-ID-1
4718,169240_Aradi_Na-ID-1,Other,1,169240_Aradi_Na-ID-1
4719,169240_Aradi_Ca-ID-1,Other,1,169240_Aradi_Ca-ID-1
4720,169240_Aradi_KDRs-ID-1,Other,1,169240_Aradi_KDRs-ID-1
4721,169240_Aradi_KDRf-ID-1,Other,1,169240_Aradi_KDRf-ID-1
4722,169240_DGC_UK-ID-1,Other,1,169240_DGC_UK-ID-1
4723,169240_Aradi_CadepK-ID-1,Other,1,169240_Aradi_CadepK-ID-1
4724,169240_Aradi_KA-ID-1,Other,1,169240_Aradi_KA-ID-1
4725,169240_holdingi-ID-1,Other,1,169240_holdingi-ID-1
4726,169240_DGC_sAHP-ID-1,Other,1,169240_DGC_sAHP-ID-1
4727,169240_DGC_M-ID-1,Other,1,169240_DGC_M-ID-1
4728,167772_KI-ID-1,Other,1,167772_KI-ID-1
4729,167772_na8st-ID-1,Other,1,167772_na8st-ID-1
4730,167772_KI-ID-2,Other,1,167772_KI-ID-2
4731,167772_na8st-ID-2,Other,1,167772_na8st-ID-2
4732,167772_KI-ID-3,Other,1,167772_KI-ID-3
4733,167772_na8st-ID-3,Other,1,167772_na8st-ID-3
4734,167772_KI-ID-4,Other,1,167772_KI-ID-4
4735,167772_na8st-ID-4,Other,1,167772_na8st-ID-4
4736,167772_KI-ID-5,Other,1,167772_KI-ID-5
4737,167772_na8st-ID-5,Other,1,167772_na8st-ID-5
4738,167772_KI-ID-6,Other,1,167772_KI-ID-6
4739,167772_na8st-ID-6,Other,1,167772_na8st-ID-6
4740,167772_KI-ID-7,Other,1,167772_KI-ID-7
4741,167772_na8st-ID-7,Other,1,167772_na8st-ID-7
4742,167772_hhDA-ID-1,Other,1,167772_hhDA-ID-1
4743,167772_hhSSda-ID-1,Other,1,167772_hhSSda-ID-1
4744,167772_hhTR-ID-1,Other,1,167772_hhTR-ID-1
4745,167772_hhCN-ID-1,Other,1,167772_hhCN-ID-1
4746,167772_hhRef-ID-1,Other,1,167772_hhRef-ID-1
4747,167772_hhMC-ID-1,Other,1,167772_hhMC-ID-1
4748,167772_hhSSmc-ID-1,Other,1,167772_hhSSmc-ID-1
4752,238892_kleak-ID-1,Other,1,238892_kleak-ID-1
4753,238892_tnak-ID-1,Other,1,238892_tnak-ID-1
4754,238892_taccumulation3-ID-1,Other,1,238892_taccumulation3-ID-1
4755,238892_tnap-ID-1,Other,1,238892_tnap-ID-1
4756,267306_KVDRNTS-ID-1,Other,1,267306_KVDRNTS-ID-1
4757,267306_KV4_DAsoma-ID-1,Other,1,267306_KV4_DAsoma-ID-1
4758,267306_passive-ID-1,Other,1,267306_passive-ID-1
4759,267306_NA12-ID-1,Other,1,267306_NA12-ID-1
4760,267306_kca_callaway-ID-1,Other,1,267306_kca_callaway-ID-1
4761,267306_KV4_DA-ID-1,Other,1,267306_KV4_DA-ID-1
4762,267306_IHnew-ID-1,Other,1,267306_IHnew-ID-1
4763,267306_cabal-ID-1,Other,1,267306_cabal-ID-1
4764,267306_CAV13-ID-1,Other,1,267306_CAV13-ID-1
4766,141272_hh58F1-ID-1,Other,1,141272_hh58F1-ID-1
4767,141272_hh58F1ss-ID-1,Other,1,141272_hh58F1ss-ID-1
4771,150556_NMDAk-ID-1,Other,1,150556_NMDAk-ID-1
4772,150556_Leakm-ID-1,Other,1,150556_Leakm-ID-1
4773,150556_AMPAk-ID-1,Other,1,150556_AMPAk-ID-1
4774,150556_KBNetStim-ID-1,Other,1,150556_KBNetStim-ID-1
4776,266818_Kti-ID-1,Other,1,266818_Kti-ID-1
4777,266818_Kurdr-ID-1,Other,1,266818_Kurdr-ID-1
4778,266818_Ksdr-ID-1,Other,1,266818_Ksdr-ID-1
4779,266818_Ca_L-ID-1,Other,1,266818_Ca_L-ID-1
4780,266818_NAV_withF-ID-1,Other,1,266818_NAV_withF-ID-1
4781,266818_ITEMP-ID-1,Other,1,266818_ITEMP-ID-1
4782,266818_NaK_pump-ID-1,Other,1,266818_NaK_pump-ID-1
4783,266818_Kss-ID-1,Other,1,266818_Kss-ID-1
4784,266818_NAbg-ID-1,Other,1,266818_NAbg-ID-1
4785,266818_Kto_f-ID-1,Other,1,266818_Kto_f-ID-1
4786,266818_gapj-ID-1,Other,1,266818_gapj-ID-1
4787,266818_NAV_noF-ID-1,Other,1,266818_NAV_noF-ID-1
4788,266818_Krdr-ID-1,Other,1,266818_Krdr-ID-1
4789,266818_Ksto-ID-1,Other,1,266818_Ksto-ID-1
4790,226364_hh2-ID-1,Other,1,226364_hh2-ID-1
4791,267754_Ikdrs-ID-1,Other,1,267754_Ikdrs-ID-1
4792,267754_Ikdrf-ID-1,Other,1,267754_Ikdrf-ID-1
4793,267754_IMmintau-ID-1,Other,1,267754_IMmintau-ID-1
4794,267754_ICaL-ID-1,Other,1,267754_ICaL-ID-1
4795,267754_Naaxon-ID-1,Other,1,267754_Naaxon-ID-1
4796,267754_Ipassaxon-ID-1,Other,1,267754_Ipassaxon-ID-1
4797,267754_Nadend-ID-1,Other,1,267754_Nadend-ID-1
4798,267754_IKCa-ID-1,Other,1,267754_IKCa-ID-1
4799,267754_Ikdrsaxon-ID-1,Other,1,267754_Ikdrsaxon-ID-1
4800,267754_ICaT-ID-1,Other,1,267754_ICaT-ID-1
4801,267754_Ikdrfaxon-ID-1,Other,1,267754_Ikdrfaxon-ID-1
4802,267754_Nasoma-ID-1,Other,1,267754_Nasoma-ID-1
4803,267754_Ipasssd-ID-1,Other,1,267754_Ipasssd-ID-1
4804,267754_Ih-ID-1,Other,1,267754_Ih-ID-1
4805,150551_ip3dif-ID-1,Other,1,150551_ip3dif-ID-1
4807,150551_mglur-ID-1,Other,1,150551_mglur-ID-1
4808,150551_camax-ID-1,Other,1,150551_camax-ID-1
4810,150551_ghknmda-ID-1,Other,1,150551_ghknmda-ID-1
4812,150551_Calamp-ID-1,Other,1,150551_Calamp-ID-1
4813,150551_Wghkampa-ID-1,Other,1,150551_Wghkampa-ID-1
4814,150551_cal4-ID-1,Other,1,150551_cal4-ID-1
4815,37856_Stim-ID-1,Other,1,37856_Stim-ID-1
4817,37856_Ksyn-ID-1,Other,1,37856_Ksyn-ID-1
4818,116981_gpulse-ID-1,Other,1,116981_gpulse-ID-1
4819,251493_syn_4p-ID-1,Other,1,251493_syn_4p-ID-1
4820,258946_nmdaSyn-ID-1,Other,1,258946_nmdaSyn-ID-1